{
    "steps": [
        {
            "prompt_log": "Sample Prompt:\nExample_1:\ninput: [0, 0, 1, 1, 1, 1, 1, 1, 1, 1, 1, 1, 8, 1, 2, 1, 1, 1, 1, 1, 1, 1, 1, 1, 1, 1, 1, 0, 0, 0, 0, 0]\noutput: [0, 0, 1, 1, 1, 1, 1, 1, 1, 1, 1, 1, 1, 1, 1, 1, 1, 1, 1, 1, 1, 1, 1, 1, 1, 1, 1, 0, 0, 0, 0, 0]\n\nExample_2:\ninput: [0, 0, 0, 6, 6, 6, 6, 6, 6, 9, 6, 6, 6, 6, 6, 6, 6, 9, 6, 6, 6, 6, 6, 0, 0, 0, 0, 0, 0, 0, 0, 0]\noutput: [0, 0, 0, 6, 6, 6, 6, 6, 6, 6, 6, 6, 6, 6, 6, 6, 6, 6, 6, 6, 6, 6, 6, 0, 0, 0, 0, 0, 0, 0, 0, 0]\n\nExample_3:\ninput: [0, 0, 4, 4, 4, 4, 4, 4, 4, 4, 4, 7, 4, 4, 4, 4, 8, 4, 4, 4, 3, 4, 4, 4, 0, 0, 0, 0, 0, 0, 0, 0]\noutput: [0, 0, 4, 4, 4, 4, 4, 4, 4, 4, 4, 4, 4, 4, 4, 4, 4, 4, 4, 4, 4, 4, 4, 4, 0, 0, 0, 0, 0, 0, 0, 0]\n\nTest case:\ninput: [1, 1, 1, 1, 1, 1, 1, 4, 1, 1, 1, 1, 1, 1, 1, 1, 1, 1, 1, 1, 1, 1, 1, 0, 0, 0, 0, 0, 0, 0, 0, 0]\n\n###########################################################\nSample Outputs:\noutput: [1, 1, 1, 1, 1, 1, 1, 1, 1, 1, 1, 1, 1, 1, 1, 1, 1, 1, 1, 1, 1, 1, 1, 0, 0, 0, 0, 0, 0, 0, 0, 0]\n```"
        }
    ],
    "idx": 62,
    "task": "1d_denoising_mc_2",
    "category": "1d_denoising_mc",
    "ys": [
        "1d_denoising_mc_2.json-Node_1(Level: 1, Phase: abstraction, Thought: , Value: 0, Parent_ID: 0, Spread: False, Children_ID: [], is_root: False, is_leaf: True)"
    ],
    "result": {
        "solution": "[1, 1, 1, 1, 1, 1, 1, 1, 1, 1, 1, 1, 1, 1, 1, 1, 1, 1, 1, 1, 1, 1, 1, 0, 0, 0, 0, 0, 0, 0, 0, 0]",
        "success": 1,
        "too_long_prompt": false,
        "tries": 1,
        "success_rate": 0.3968253968253968,
        "cat_success_cnt": 10,
        "cat_success_rate": 0.7692307692307693
    },
    "usage_so_far": {
        "completion_tokens": 6366,
        "prompt_tokens": 45675,
        "cost": null
    }
}