{
    "steps": [
        {
            "prompt_log": "Sample Prompt:\nExample_1:\ninput: [3, 3, 3, 3, 9, 3, 3, 3, 3, 3, 3, 3, 3, 7, 7, 3, 3, 3, 4, 3, 3, 3, 3, 3, 3, 0, 0, 0, 0, 0, 0, 0, 0]\noutput: [3, 3, 3, 3, 3, 3, 3, 3, 3, 3, 3, 3, 3, 3, 3, 3, 3, 3, 3, 3, 3, 3, 3, 3, 3, 0, 0, 0, 0, 0, 0, 0, 0]\n\nExample_2:\ninput: [0, 0, 0, 0, 4, 4, 4, 4, 4, 4, 4, 1, 4, 4, 4, 4, 4, 4, 4, 4, 4, 4, 4, 4, 4, 4, 4, 0, 0, 0, 0, 0, 0]\noutput: [0, 0, 0, 0, 4, 4, 4, 4, 4, 4, 4, 4, 4, 4, 4, 4, 4, 4, 4, 4, 4, 4, 4, 4, 4, 4, 4, 0, 0, 0, 0, 0, 0]\n\nExample_3:\ninput: [0, 0, 0, 0, 7, 7, 7, 7, 7, 7, 7, 7, 7, 7, 5, 7, 7, 7, 7, 7, 7, 7, 7, 7, 7, 7, 7, 7, 0, 0, 0, 0, 0]\noutput: [0, 0, 0, 0, 7, 7, 7, 7, 7, 7, 7, 7, 7, 7, 7, 7, 7, 7, 7, 7, 7, 7, 7, 7, 7, 7, 7, 7, 0, 0, 0, 0, 0]\n\nTest case:\ninput: [0, 0, 0, 4, 4, 4, 4, 4, 4, 2, 4, 9, 4, 4, 4, 4, 4, 4, 4, 2, 4, 4, 4, 4, 4, 4, 4, 4, 4, 0, 0, 0, 0]\n\n###########################################################\nSample Outputs:\noutput: [0, 0, 0, 4, 4, 4, 4, 4, 4, 4, 4, 4, 4, 4, 4, 4, 4, 4, 4, 4, 4, 4, 4, 4, 4, 4, 4, 4, 4, 0, 0, 0, 0]"
        }
    ],
    "idx": 91,
    "task": "1d_denoising_mc_46",
    "category": "1d_denoising_mc",
    "ys": [
        "1d_denoising_mc_46.json-Node_1(Level: 1, Phase: abstraction, Thought: , Value: 0, Parent_ID: 0, Spread: False, Children_ID: [], is_root: False, is_leaf: True)"
    ],
    "result": {
        "solution": "[0, 0, 0, 4, 4, 4, 4, 4, 4, 4, 4, 4, 4, 4, 4, 4, 4, 4, 4, 4, 4, 4, 4, 4, 4, 4, 4, 4, 4, 0, 0, 0, 0]",
        "success": 1,
        "too_long_prompt": false,
        "tries": 1,
        "success_rate": 0.4782608695652174,
        "cat_success_cnt": 29,
        "cat_success_rate": 0.6904761904761905
    },
    "usage_so_far": {
        "completion_tokens": 9277,
        "prompt_tokens": 66691,
        "cost": null
    }
}