{
    "steps": [
        {
            "prompt_log": "Sample Prompt:\nExample_1:\ninput: [0, 5, 0, 0, 0, 5, 0, 0, 0, 0, 0, 5, 0, 0, 0, 5, 0, 0, 0, 0, 0, 5, 0, 0, 0, 5, 0, 0, 0, 0]\noutput: [0, 5, 5, 5, 5, 5, 0, 0, 0, 0, 0, 5, 5, 5, 5, 5, 0, 0, 0, 0, 0, 5, 5, 5, 5, 5, 0, 0, 0, 0]\n\nExample_2:\ninput: [0, 4, 0, 0, 4, 0, 0, 0, 0, 0, 0, 4, 0, 0, 4, 0, 0, 0, 0, 0, 0, 4, 0, 0, 4, 0, 0, 0, 0, 0]\noutput: [0, 4, 4, 4, 4, 0, 0, 0, 0, 0, 0, 4, 4, 4, 4, 0, 0, 0, 0, 0, 0, 4, 4, 4, 4, 0, 0, 0, 0, 0]\n\nExample_3:\ninput: [5, 0, 0, 0, 0, 5, 0, 0, 0, 0, 5, 0, 0, 0, 0, 5, 0, 0, 0, 0, 5, 0, 0, 0, 0, 5, 0, 0, 0, 0]\noutput: [5, 5, 5, 5, 5, 5, 0, 0, 0, 0, 5, 5, 5, 5, 5, 5, 0, 0, 0, 0, 5, 5, 5, 5, 5, 5, 0, 0, 0, 0]\n\nTest case:\ninput: [0, 4, 0, 0, 0, 0, 4, 0, 0, 0, 0, 4, 0, 0, 0, 0, 4, 0, 0, 0, 0, 4, 0, 0, 0, 0, 4, 0, 0, 0]\n\n###########################################################\nSample Outputs:\noutput: [0, 4, 4, 4, 4, 4, 4, 0, 0, 0, 0, 4, 4, 4, 4, 4, 4, 0, 0, 0, 0, 4, 4, 4, 4, 4, 4, 0, 0, 0]"
        }
    ],
    "idx": 587,
    "task": "1d_padded_fill_42",
    "category": "1d_padded_fill",
    "ys": [
        "1d_padded_fill_42.json-Node_1(Level: 1, Phase: abstraction, Thought: , Value: 0, Parent_ID: 0, Spread: False, Children_ID: [], is_root: False, is_leaf: True)"
    ],
    "result": {
        "solution": "[0, 4, 4, 4, 4, 4, 4, 0, 0, 0, 0, 4, 4, 4, 4, 4, 4, 0, 0, 0, 0, 4, 4, 4, 4, 4, 4, 0, 0, 0]",
        "success": 1,
        "too_long_prompt": false,
        "tries": 1,
        "success_rate": 0.3792517006802721,
        "cat_success_cnt": 11,
        "cat_success_rate": 0.2894736842105263
    },
    "usage_so_far": {
        "completion_tokens": 45802,
        "prompt_tokens": 330624,
        "cost": null
    }
}