{
    "steps": [
        {
            "prompt_log": "Sample Prompt:\nExample_1:\ninput: [0, 0, 8, 0, 0, 8, 8, 8, 8, 0, 8, 8, 8, 8, 8, 8, 8, 0, 8, 8, 8, 8, 8, 8, 8, 0, 0, 0]\noutput: [0, 0, 8, 0, 0, 8, 8, 8, 8, 0, 7, 7, 7, 7, 7, 7, 7, 0, 7, 7, 7, 7, 7, 7, 7, 0, 0, 0]\n\nExample_2:\ninput: [0, 8, 8, 8, 0, 0, 0, 8, 8, 0, 0, 8, 0, 0, 8, 8, 8, 8, 0, 8, 0, 0, 0, 8, 0, 8, 8, 0]\noutput: [0, 8, 8, 8, 0, 0, 0, 8, 8, 0, 0, 8, 0, 0, 7, 7, 7, 7, 0, 8, 0, 0, 0, 8, 0, 8, 8, 0]\n\nExample_3:\ninput: [0, 0, 0, 8, 0, 0, 8, 8, 0, 0, 0, 8, 8, 8, 8, 8, 0, 8, 8, 0, 0, 8, 8, 0, 0, 0, 0, 0]\noutput: [0, 0, 0, 8, 0, 0, 8, 8, 0, 0, 0, 7, 7, 7, 7, 7, 0, 8, 8, 0, 0, 8, 8, 0, 0, 0, 0, 0]\n\nTest case:\ninput: [0, 0, 8, 0, 0, 0, 8, 8, 8, 0, 0, 8, 0, 8, 8, 0, 8, 8, 8, 8, 0, 8, 8, 8, 8, 0, 0, 0]\n\n###########################################################\nSample Outputs:\noutput: [0, 0, 8, 0, 0, 0, 8, 8, 8, 0, 0, 8, 0, 8, 8, 0, 8, 8, 8, 8, 0, 8, 8, 8, 8, 0, 0, 0]\n*/"
        }
    ],
    "idx": 716,
    "task": "1d_recolor_cmp_23",
    "category": "1d_recolor_cmp",
    "ys": [
        "1d_recolor_cmp_23.json-Node_1(Level: 1, Phase: abstraction, Thought: , Value: 0, Parent_ID: 0, Spread: False, Children_ID: [], is_root: False, is_leaf: True)"
    ],
    "result": {
        "solution": "[0, 0, 8, 0, 0, 0, 8, 8, 8, 0, 0, 8, 0, 8, 8, 0, 7, 7, 7, 7, 0, 7, 7, 7, 7, 0, 0, 0]",
        "success": 0,
        "too_long_prompt": false,
        "tries": 1,
        "success_rate": 0.3403068340306834,
        "cat_success_cnt": 1,
        "cat_success_rate": 0.058823529411764705
    },
    "usage_so_far": {
        "completion_tokens": 59382,
        "prompt_tokens": 427545,
        "cost": null
    }
}