{
    "steps": [
        {
            "prompt_log": "Sample Prompt:\nExample_1:\ninput: [0, 2, 2, 2, 0, 2, 2, 0, 0, 2, 0, 0, 2, 2, 2, 0, 0, 2, 2, 0, 0, 0, 0, 0, 0, 0, 0, 0, 0, 0, 0]\noutput: [0, 5, 5, 5, 0, 4, 4, 0, 0, 1, 0, 0, 5, 5, 5, 0, 0, 4, 4, 0, 0, 0, 0, 0, 0, 0, 0, 0, 0, 0, 0]\n\nExample_2:\ninput: [0, 0, 2, 0, 0, 0, 2, 2, 0, 0, 2, 2, 2, 0, 2, 2, 0, 0, 0, 2, 2, 2, 0, 0, 0, 0, 0, 0, 0, 0, 0]\noutput: [0, 0, 1, 0, 0, 0, 4, 4, 0, 0, 5, 5, 5, 0, 4, 4, 0, 0, 0, 5, 5, 5, 0, 0, 0, 0, 0, 0, 0, 0, 0]\n\nExample_3:\ninput: [0, 0, 0, 2, 2, 0, 0, 0, 2, 2, 2, 0, 2, 0, 0, 2, 2, 2, 0, 2, 0, 0, 0, 0, 0, 0, 0, 0, 0, 0, 0]\noutput: [0, 0, 0, 4, 4, 0, 0, 0, 5, 5, 5, 0, 1, 0, 0, 5, 5, 5, 0, 1, 0, 0, 0, 0, 0, 0, 0, 0, 0, 0, 0]\n\nTest case:\ninput: [0, 2, 2, 0, 2, 0, 0, 2, 2, 2, 0, 0, 2, 0, 2, 2, 0, 0, 0, 0, 0, 0, 0, 0, 0, 0, 0, 0, 0, 0, 0]\n\n###########################################################\nSample Outputs:\noutput: [0, 5, 5, 0, 4, 0, 0, 5, 5, 5, 0, 0, 4, 0, 5, 5, 0, 0, 0, 0, 0, 0, 0, 0, 0, 0, 0, 0, 0, 0, 0]\n*/"
        }
    ],
    "idx": 779,
    "task": "1d_recolor_cnt_35",
    "category": "1d_recolor_cnt",
    "ys": [
        "1d_recolor_cnt_35.json-Node_1(Level: 1, Phase: abstraction, Thought: , Value: 0, Parent_ID: 0, Spread: False, Children_ID: [], is_root: False, is_leaf: True)"
    ],
    "result": {
        "solution": "[0, 4, 4, 0, 1, 0, 0, 5, 5, 5, 0, 0, 1, 0, 4, 4, 0, 0, 0, 0, 0, 0, 0, 0, 0, 0, 0, 0, 0, 0, 0]",
        "success": 0,
        "too_long_prompt": false,
        "tries": 1,
        "success_rate": 0.31794871794871793,
        "cat_success_cnt": 1,
        "cat_success_rate": 0.03333333333333333
    },
    "usage_so_far": {
        "completion_tokens": 64323,
        "prompt_tokens": 462993,
        "cost": null
    }
}