{
    "steps": [
        {
            "prompt_log": "Sample Prompt:\nExample_1:\ninput: [0, 5, 5, 5, 0, 0, 5, 0, 0, 0, 5, 5, 0, 0, 0, 5, 5, 5, 5, 0, 0, 0, 5, 5, 0, 5, 5, 5, 5, 0, 5, 5]\noutput: [0, 5, 5, 5, 0, 0, 5, 0, 0, 0, 5, 5, 0, 0, 0, 3, 3, 3, 3, 0, 0, 0, 5, 5, 0, 3, 3, 3, 3, 0, 5, 5]\n\nExample_2:\ninput: [0, 0, 0, 5, 5, 5, 5, 5, 5, 0, 0, 5, 5, 5, 5, 5, 5, 5, 0, 0, 5, 5, 5, 5, 0, 0, 0, 5, 5, 5, 0, 0]\noutput: [0, 0, 0, 5, 5, 5, 5, 5, 5, 0, 0, 3, 3, 3, 3, 3, 3, 3, 0, 0, 5, 5, 5, 5, 0, 0, 0, 5, 5, 5, 0, 0]\n\nExample_3:\ninput: [0, 5, 5, 5, 0, 5, 5, 0, 0, 5, 5, 5, 5, 5, 0, 0, 5, 5, 5, 0, 5, 5, 5, 0, 0, 0, 5, 5, 5, 0, 0, 0]\noutput: [0, 5, 5, 5, 0, 5, 5, 0, 0, 3, 3, 3, 3, 3, 0, 0, 5, 5, 5, 0, 5, 5, 5, 0, 0, 0, 5, 5, 5, 0, 0, 0]\n\nTest case:\ninput: [0, 0, 0, 5, 5, 5, 5, 0, 0, 0, 5, 5, 5, 5, 5, 5, 5, 0, 0, 0, 5, 5, 5, 5, 5, 5, 5, 0, 0, 5, 5, 5]\n\n###########################################################\nSample Outputs:\noutput: [0, 0, 0, 5, 5, 5, 5, 0, 0, 0, 5, 5, 5, 5, 5, 5, 5, 0, 0, 0, 5, 5, 5, 5, 5, 5, 5, 0, 0, 3, 3, 3]\n*/"
        }
    ],
    "idx": 710,
    "task": "1d_recolor_cmp_18",
    "category": "1d_recolor_cmp",
    "ys": [
        "1d_recolor_cmp_18.json-Node_1(Level: 1, Phase: abstraction, Thought: , Value: 0, Parent_ID: 0, Spread: False, Children_ID: [], is_root: False, is_leaf: True)"
    ],
    "result": {
        "solution": "[0, 0, 0, 5, 5, 5, 5, 0, 0, 0, 3, 3, 3, 3, 3, 3, 3, 0, 0, 0, 3, 3, 3, 3, 3, 3, 3, 0, 0, 5, 5, 5]",
        "success": 0,
        "too_long_prompt": false,
        "tries": 1,
        "success_rate": 0.3431786216596343,
        "cat_success_cnt": 1,
        "cat_success_rate": 0.09090909090909091
    },
    "usage_so_far": {
        "completion_tokens": 58898,
        "prompt_tokens": 424089,
        "cost": null
    }
}