{
    "steps": [
        {
            "prompt_log": "Sample Prompt:\nExample_1:\ninput: [0, 0, 0, 0, 0, 0, 7, 7, 7, 7, 7, 7, 7, 7, 7, 0, 0, 0, 0, 0, 0, 0, 0, 0, 0, 0, 0, 9, 0]\noutput: [0, 0, 0, 0, 0, 0, 7, 7, 7, 7, 7, 7, 7, 7, 7, 7, 7, 7, 7, 7, 7, 7, 7, 7, 7, 7, 7, 9, 0]\n\nExample_2:\ninput: [0, 4, 4, 4, 4, 4, 4, 4, 4, 4, 4, 4, 0, 0, 0, 0, 0, 0, 0, 0, 0, 0, 0, 0, 0, 0, 0, 9, 0]\noutput: [0, 4, 4, 4, 4, 4, 4, 4, 4, 4, 4, 4, 4, 4, 4, 4, 4, 4, 4, 4, 4, 4, 4, 4, 4, 4, 4, 9, 0]\n\nExample_3:\ninput: [0, 0, 0, 0, 0, 0, 0, 0, 0, 0, 2, 2, 2, 2, 2, 2, 2, 2, 0, 0, 0, 0, 0, 0, 9, 0, 0, 0, 0]\noutput: [0, 0, 0, 0, 0, 0, 0, 0, 0, 0, 2, 2, 2, 2, 2, 2, 2, 2, 2, 2, 2, 2, 2, 2, 9, 0, 0, 0, 0]\n\nTest case:\ninput: [0, 0, 0, 0, 0, 0, 2, 2, 2, 2, 2, 2, 2, 2, 2, 2, 2, 2, 2, 2, 2, 2, 0, 0, 9, 0, 0, 0, 0]\n\n###########################################################\nSample Outputs:\noutput: [0, 0, 0, 0, 0, 0, 2, 2, 2, 2, 2, 2, 2, 2, 2, 2, 2, 2, 2, 2, 2, 2, 2, 2, 9, 0, 0, 0, 0]"
        }
    ],
    "idx": 894,
    "task": "1d_scale_dp_49",
    "category": "1d_scale_dp",
    "ys": [
        "1d_scale_dp_49.json-Node_1(Level: 1, Phase: abstraction, Thought: , Value: 0, Parent_ID: 0, Spread: False, Children_ID: [], is_root: False, is_leaf: True)"
    ],
    "result": {
        "solution": "[0, 0, 0, 0, 0, 0, 2, 2, 2, 2, 2, 2, 2, 2, 2, 2, 2, 2, 2, 2, 2, 2, 2, 2, 9, 0, 0, 0, 0]",
        "success": 1,
        "too_long_prompt": false,
        "tries": 1,
        "success_rate": 0.32625698324022345,
        "cat_success_cnt": 33,
        "cat_success_rate": 0.7333333333333333
    },
    "usage_so_far": {
        "completion_tokens": 72439,
        "prompt_tokens": 521645,
        "cost": null
    }
}