{
    "steps": [
        {
            "prompt_log": "Sample Prompt:\nExample_1:\ninput: [0, 0, 7, 7, 7, 0, 0, 0, 0, 5, 0, 0, 0, 5, 0, 0, 0, 0, 7, 0, 0, 0, 0, 0, 0, 0, 0, 0, 0, 0, 0, 0]\noutput: [0, 0, 7, 7, 7, 0, 0, 0, 5, 5, 5, 0, 5, 5, 5, 0, 0, 7, 7, 7, 0, 0, 0, 0, 0, 0, 0, 0, 0, 0, 0, 0]\n\nExample_2:\ninput: [0, 1, 1, 1, 0, 0, 0, 8, 0, 0, 0, 0, 0, 4, 0, 0, 0, 6, 0, 0, 0, 0, 0, 0, 0, 0, 0, 0, 0, 0, 0, 0]\noutput: [0, 1, 1, 1, 0, 0, 8, 8, 8, 0, 0, 0, 4, 4, 4, 0, 6, 6, 6, 0, 0, 0, 0, 0, 0, 0, 0, 0, 0, 0, 0, 0]\n\nExample_3:\ninput: [0, 0, 4, 4, 4, 0, 0, 0, 0, 3, 0, 0, 0, 0, 0, 2, 0, 0, 0, 0, 1, 0, 0, 0, 0, 0, 0, 0, 0, 0, 0, 0]\noutput: [0, 0, 4, 4, 4, 0, 0, 0, 3, 3, 3, 0, 0, 0, 2, 2, 2, 0, 0, 1, 1, 1, 0, 0, 0, 0, 0, 0, 0, 0, 0, 0]\n\nTest case:\ninput: [0, 8, 8, 8, 0, 0, 0, 0, 6, 0, 0, 0, 3, 0, 0, 0, 0, 5, 0, 0, 0, 0, 0, 0, 0, 0, 0, 0, 0, 0, 0, 0]\n\n###########################################################\nSample Outputs:\noutput: [0, 8, 8, 8, 0, 0, 0, 0, 6, 6, 6, 0, 3, 3, 3, 0, 5, 5, 5, 0, 0, 0, 0, 0, 0, 0, 0, 0, 0, 0, 0, 0]</s>"
        }
    ],
    "idx": 682,
    "task": "1d_pcopy_mc_38",
    "category": "1d_pcopy_mc",
    "ys": [
        "1d_pcopy_mc_38.json-Node_1(Level: 1, Phase: abstraction, Thought: , Value: 0, Parent_ID: 0, Spread: False, Children_ID: [], is_root: False, is_leaf: True)"
    ],
    "result": {
        "solution": "[0, 8, 8, 8, 0, 0, 0, 6, 6, 6, 0, 3, 3, 3, 0, 0, 5, 5, 5, 0, 0, 0, 0, 0, 0, 0, 0, 0, 0, 0, 0, 0]",
        "success": 0,
        "too_long_prompt": false,
        "tries": 1,
        "success_rate": 0.0849194729136164,
        "cat_success_cnt": 5,
        "cat_success_rate": 0.15151515151515152
    },
    "usage_so_far": {
        "completion_tokens": 881128,
        "prompt_tokens": 929457,
        "cost": null
    }
}