{
    "steps": [
        {
            "prompt_log": "Sample Prompt:\nExample_1:\ninput: [0, 0, 4, 4, 4, 4, 4, 0, 0, 0, 4, 4, 0, 0, 4, 4, 4, 4, 0, 0, 4, 4, 4, 0, 0, 0]\noutput: [0, 0, 8, 8, 8, 8, 8, 0, 0, 0, 3, 3, 0, 0, 3, 3, 3, 3, 0, 0, 8, 8, 8, 0, 0, 0]\n\nExample_2:\ninput: [0, 0, 0, 4, 4, 4, 4, 4, 0, 4, 4, 0, 4, 0, 0, 4, 0, 0, 0, 4, 4, 4, 0, 0, 0, 0]\noutput: [0, 0, 0, 8, 8, 8, 8, 8, 0, 3, 3, 0, 8, 0, 0, 8, 0, 0, 0, 8, 8, 8, 0, 0, 0, 0]\n\nExample_3:\ninput: [0, 4, 4, 4, 4, 4, 4, 0, 4, 4, 4, 4, 4, 0, 0, 0, 4, 4, 4, 4, 4, 0, 0, 4, 0, 0]\noutput: [0, 3, 3, 3, 3, 3, 3, 0, 8, 8, 8, 8, 8, 0, 0, 0, 8, 8, 8, 8, 8, 0, 0, 8, 0, 0]\n\nTest case:\ninput: [0, 0, 0, 4, 4, 4, 4, 4, 0, 0, 0, 4, 4, 0, 0, 4, 4, 4, 4, 4, 0, 0, 4, 4, 4, 0]\n\n###########################################################\nSample Outputs:\noutput: [0, 0, 8, 8, 8, 8, 8, 0, 3, 3, 3, 3, 3, 0, 0, 3, 3, 3, 3, 3, 0, 0, 8, 8, 8, 0, 0]</s>"
        }
    ],
    "idx": 830,
    "task": "1d_recolor_oe_36",
    "category": "1d_recolor_oe",
    "ys": [
        "1d_recolor_oe_36.json-Node_1(Level: 1, Phase: abstraction, Thought: , Value: 0, Parent_ID: 0, Spread: False, Children_ID: [], is_root: False, is_leaf: True)"
    ],
    "result": {
        "solution": "[0, 0, 0, 8, 8, 8, 8, 8, 0, 0, 0, 3, 3, 0, 0, 8, 8, 8, 8, 8, 0, 0, 8, 8, 8, 0]",
        "success": 0,
        "too_long_prompt": false,
        "tries": 1,
        "success_rate": 0.08303249097472924,
        "cat_success_cnt": 2,
        "cat_success_rate": 0.06451612903225806
    },
    "usage_so_far": {
        "completion_tokens": 892949,
        "prompt_tokens": 1014383,
        "cost": null
    }
}