{
    "steps": [
        {
            "prompt_log": "Sample Prompt:\nExample_1:\ninput: [0, 3, 3, 3, 3, 3, 3, 0, 3, 3, 3, 0, 0, 3, 3, 0, 0, 0, 3, 0, 0, 3, 3, 0, 0, 0, 0, 0, 0]\noutput: [0, 1, 1, 1, 1, 1, 1, 0, 5, 5, 5, 0, 0, 1, 1, 0, 0, 0, 5, 0, 0, 1, 1, 0, 0, 0, 0, 0, 0]\n\nExample_2:\ninput: [0, 3, 3, 3, 3, 3, 3, 0, 0, 3, 3, 3, 0, 3, 0, 3, 0, 0, 3, 3, 0, 0, 0, 0, 0, 0, 0, 0, 0]\noutput: [0, 1, 1, 1, 1, 1, 1, 0, 0, 5, 5, 5, 0, 5, 0, 5, 0, 0, 1, 1, 0, 0, 0, 0, 0, 0, 0, 0, 0]\n\nExample_3:\ninput: [0, 0, 0, 3, 3, 3, 3, 0, 3, 3, 3, 0, 0, 3, 0, 3, 3, 3, 3, 0, 0, 0, 3, 0, 0, 0, 0, 0, 0]\noutput: [0, 0, 0, 1, 1, 1, 1, 0, 5, 5, 5, 0, 0, 5, 0, 1, 1, 1, 1, 0, 0, 0, 5, 0, 0, 0, 0, 0, 0]\n\nTest case:\ninput: [0, 0, 0, 3, 3, 0, 0, 3, 3, 3, 3, 3, 0, 0, 3, 3, 3, 3, 3, 0, 0, 0, 3, 0, 0, 0, 0, 0, 0]\n\n###########################################################\nSample Outputs:\noutput: [0, 0, 0, 1, 1, 1, 1, 0, 5, 5, 5, 0, 0, 5, 0, 1, 1, 1, 1, 0, 0, 0, 5, 0, 0, 0, 0, 0, 0]</s>"
        }
    ],
    "idx": 828,
    "task": "1d_recolor_oe_34",
    "category": "1d_recolor_oe",
    "ys": [
        "1d_recolor_oe_34.json-Node_1(Level: 1, Phase: abstraction, Thought: , Value: 0, Parent_ID: 0, Spread: False, Children_ID: [], is_root: False, is_leaf: True)"
    ],
    "result": {
        "solution": "[0, 0, 0, 1, 1, 0, 0, 5, 5, 5, 5, 5, 0, 0, 5, 5, 5, 5, 5, 0, 0, 0, 5, 0, 0, 0, 0, 0, 0]",
        "success": 0,
        "too_long_prompt": false,
        "tries": 1,
        "success_rate": 0.08323281061519903,
        "cat_success_cnt": 2,
        "cat_success_rate": 0.06896551724137931
    },
    "usage_so_far": {
        "completion_tokens": 892761,
        "prompt_tokens": 1013056,
        "cost": null
    }
}