{
    "steps": [
        {
            "prompt_log": "Sample Prompt:\nExample_1:\ninput: [0, 8, 8, 8, 0, 0, 8, 8, 8, 8, 8, 0, 0, 8, 8, 8, 8, 8, 0, 8, 8, 0, 0, 8, 8, 0, 8, 8, 8, 8, 8]\noutput: [0, 8, 8, 8, 0, 0, 3, 3, 3, 3, 3, 0, 0, 3, 3, 3, 3, 3, 0, 8, 8, 0, 0, 8, 8, 0, 3, 3, 3, 3, 3]\n\nExample_2:\ninput: [0, 0, 0, 8, 8, 8, 8, 8, 8, 8, 0, 8, 8, 8, 8, 8, 8, 8, 0, 0, 8, 8, 8, 0, 0, 8, 8, 8, 8, 0, 0]\noutput: [0, 0, 0, 3, 3, 3, 3, 3, 3, 3, 0, 3, 3, 3, 3, 3, 3, 3, 0, 0, 8, 8, 8, 0, 0, 8, 8, 8, 8, 0, 0]\n\nExample_3:\ninput: [0, 0, 8, 8, 8, 0, 0, 0, 8, 8, 8, 0, 8, 8, 8, 8, 0, 8, 8, 8, 8, 0, 0, 8, 8, 8, 0, 8, 8, 8, 8]\noutput: [0, 0, 8, 8, 8, 0, 0, 0, 8, 8, 8, 0, 3, 3, 3, 3, 0, 3, 3, 3, 3, 0, 0, 8, 8, 8, 0, 3, 3, 3, 3]\n\nTest case:\ninput: [0, 0, 8, 8, 0, 0, 8, 8, 8, 8, 8, 8, 0, 0, 8, 8, 8, 8, 0, 0, 0, 8, 8, 8, 8, 8, 8, 0, 0, 0, 0]\n\n###########################################################\nSample Outputs:\noutput: [0, 0, 8, 8, 0, 0, 8, 8, 8, 8, 8, 8, 0, 0, 8, 8, 8, 8, 0, 0, 0, 8, 8, 8, 8, 8, 8, 0, 0, 0, 0]</s>"
        }
    ],
    "idx": 727,
    "task": "1d_recolor_cmp_33",
    "category": "1d_recolor_cmp",
    "ys": [
        "1d_recolor_cmp_33.json-Node_1(Level: 1, Phase: abstraction, Thought: , Value: 0, Parent_ID: 0, Spread: False, Children_ID: [], is_root: False, is_leaf: True)"
    ],
    "result": {
        "solution": "[0, 0, 8, 8, 0, 0, 3, 3, 3, 3, 3, 3, 0, 0, 8, 8, 8, 8, 0, 0, 0, 3, 3, 3, 3, 3, 3, 0, 0, 0, 0]",
        "success": 0,
        "too_long_prompt": false,
        "tries": 1,
        "success_rate": 0.08928571428571429,
        "cat_success_cnt": 2,
        "cat_success_rate": 0.07142857142857142
    },
    "usage_so_far": {
        "completion_tokens": 885142,
        "prompt_tokens": 958191,
        "cost": null
    }
}