{
    "steps": [
        {
            "prompt_log": "Sample Prompt:\nExample_1:\ninput: [0, 1, 1, 0, 0, 0, 1, 1, 1, 1, 1, 0, 1, 1, 0, 0, 0, 1, 0, 1, 0, 0, 0, 0, 0]\noutput: [0, 1, 1, 0, 0, 0, 3, 3, 3, 3, 3, 0, 1, 1, 0, 0, 0, 1, 0, 1, 0, 0, 0, 0, 0]\n\nExample_2:\ninput: [0, 0, 1, 1, 1, 1, 1, 1, 0, 1, 1, 1, 1, 1, 1, 1, 0, 0, 1, 1, 1, 1, 1, 1, 0]\noutput: [0, 0, 1, 1, 1, 1, 1, 1, 0, 3, 3, 3, 3, 3, 3, 3, 0, 0, 1, 1, 1, 1, 1, 1, 0]\n\nExample_3:\ninput: [0, 0, 1, 0, 0, 0, 1, 1, 0, 0, 1, 1, 1, 1, 0, 0, 0, 1, 1, 1, 0, 0, 0, 1, 1]\noutput: [0, 0, 1, 0, 0, 0, 1, 1, 0, 0, 3, 3, 3, 3, 0, 0, 0, 1, 1, 1, 0, 0, 0, 1, 1]\n\nTest case:\ninput: [0, 1, 1, 1, 1, 1, 1, 0, 0, 0, 1, 1, 1, 1, 1, 0, 0, 1, 1, 1, 1, 0, 0, 0, 0]\n\n###########################################################\nSample Outputs:\noutput: [0, 1, 1, 1, 1, 1, 1, 0, 0, 0, 3, 3, 3, 3, 3, 0, 0, 1, 1, 1, 0, 0, 0, 0, 0]</s>"
        }
    ],
    "idx": 708,
    "task": "1d_recolor_cmp_16",
    "category": "1d_recolor_cmp",
    "ys": [
        "1d_recolor_cmp_16.json-Node_1(Level: 1, Phase: abstraction, Thought: , Value: 0, Parent_ID: 0, Spread: False, Children_ID: [], is_root: False, is_leaf: True)"
    ],
    "result": {
        "solution": "[0, 3, 3, 3, 3, 3, 3, 0, 0, 0, 1, 1, 1, 1, 1, 0, 0, 1, 1, 1, 1, 0, 0, 0, 0]",
        "success": 0,
        "too_long_prompt": false,
        "tries": 1,
        "success_rate": 0.09167842031029619,
        "cat_success_cnt": 2,
        "cat_success_rate": 0.2222222222222222
    },
    "usage_so_far": {
        "completion_tokens": 883542,
        "prompt_tokens": 946729,
        "cost": null
    }
}