{
    "steps": [
        {
            "prompt_log": "Sample Prompt:\nExample_1:\ninput: [0, 0, 7, 7, 7, 7, 7, 7, 0, 0, 7, 7, 7, 7, 0, 0, 0, 7, 7, 7, 7, 7, 7, 7, 0, 7, 7, 7, 0]\noutput: [0, 0, 7, 7, 7, 7, 7, 7, 0, 0, 7, 7, 7, 7, 0, 0, 0, 9, 9, 9, 9, 9, 9, 9, 0, 7, 7, 7, 0]\n\nExample_2:\ninput: [0, 0, 7, 0, 0, 7, 7, 7, 7, 7, 0, 0, 7, 7, 7, 7, 7, 0, 0, 0, 7, 7, 0, 0, 0, 7, 7, 7, 7]\noutput: [0, 0, 7, 0, 0, 9, 9, 9, 9, 9, 0, 0, 9, 9, 9, 9, 9, 0, 0, 0, 7, 7, 0, 0, 0, 7, 7, 7, 7]\n\nExample_3:\ninput: [0, 0, 7, 7, 7, 0, 0, 7, 7, 7, 7, 0, 7, 7, 0, 0, 0, 7, 0, 0, 7, 0, 7, 7, 7, 0, 7, 7, 0]\noutput: [0, 0, 7, 7, 7, 0, 0, 9, 9, 9, 9, 0, 7, 7, 0, 0, 0, 7, 0, 0, 7, 0, 7, 7, 7, 0, 7, 7, 0]\n\nTest case:\ninput: [0, 7, 7, 7, 7, 7, 7, 0, 0, 7, 7, 0, 0, 7, 7, 7, 7, 7, 7, 0, 7, 7, 7, 7, 7, 7, 0, 7, 7]\n\n###########################################################\nSample Outputs:\noutput: [0, 7, 7, 7, 7, 7, 7, 0, 0, 9, 9, 9, 9, 9, 9, 9, 9, 9, 0, 7, 7, 7, 7, 7, 7, 7, 0, 7, 7]</s>"
        }
    ],
    "idx": 741,
    "task": "1d_recolor_cmp_46",
    "category": "1d_recolor_cmp",
    "ys": [
        "1d_recolor_cmp_46.json-Node_1(Level: 1, Phase: abstraction, Thought: , Value: 0, Parent_ID: 0, Spread: False, Children_ID: [], is_root: False, is_leaf: True)"
    ],
    "result": {
        "solution": "[0, 9, 9, 9, 9, 9, 9, 0, 0, 7, 7, 0, 0, 9, 9, 9, 9, 9, 9, 0, 9, 9, 9, 9, 9, 9, 0, 7, 7]",
        "success": 0,
        "too_long_prompt": false,
        "tries": 1,
        "success_rate": 0.0889487870619946,
        "cat_success_cnt": 3,
        "cat_success_rate": 0.07142857142857142
    },
    "usage_so_far": {
        "completion_tokens": 886290,
        "prompt_tokens": 966514,
        "cost": null
    }
}