{
    "steps": [
        {
            "prompt_log": "Sample Prompt:\nExample_1:\ninput: [[0, 0, 0, 2, 0, 0], [0, 0, 0, 0, 0, 0], [0, 0, 0, 0, 0, 0], [0, 0, 0, 0, 0, 6], [0, 4, 0, 0, 0, 0], [9, 0, 0, 0, 0, 0]]\noutput: [[2, 0, 0, 0, 0, 0], [0, 0, 0, 0, 0, 0], [0, 0, 0, 0, 0, 0], [6, 0, 0, 0, 0, 0], [4, 0, 0, 0, 0, 0], [9, 0, 0, 0, 0, 0]]\n\nExample_2:\ninput: [[1, 0, 0, 1, 0, 1], [7, 0, 0, 0, 7, 0], [0, 0, 3, 0, 3, 3], [0, 8, 0, 8, 0, 0], [0, 0, 0, 0, 0, 0], [0, 0, 0, 0, 6, 0]]\noutput: [[1, 1, 1, 0, 0, 0], [7, 7, 0, 0, 0, 0], [3, 3, 3, 0, 0, 0], [8, 8, 0, 0, 0, 0], [0, 0, 0, 0, 0, 0], [6, 0, 0, 0, 0, 0]]\n\nExample_3:\ninput: [[0, 0, 0, 0, 0, 0], [0, 0, 0, 0, 0, 0], [0, 3, 0, 3, 0, 0], [0, 0, 0, 7, 7, 0], [0, 0, 0, 0, 5, 0], [0, 0, 1, 0, 0, 1]]\noutput: [[0, 0, 0, 0, 0, 0], [0, 0, 0, 0, 0, 0], [3, 3, 0, 0, 0, 0], [7, 7, 0, 0, 0, 0], [5, 0, 0, 0, 0, 0], [1, 1, 0, 0, 0, 0]]\n\nTest case:\ninput: [[0, 0, 7, 0, 7, 0], [4, 4, 0, 0, 4, 0], [0, 1, 1, 0, 0, 0], [6, 6, 0, 0, 0, 6], [0, 8, 0, 0, 0, 8], [3, 0, 0, 0, 3, 3]]\n\n\n\n###########################################################\nSample Outputs:\nOutput:\n[[7, 7, 7, 0, 0, 0], [4, 4, 0, 0, 4, 0], [1, 1, 1, 0, 0, 0], [6, 6, 0, 0, 0, 6], [8, 8, 0, 0, 0, 8], [3, 3, 0, 0, 3, 3]]"
        }
    ],
    "idx": 248,
    "task": "arc_pile_h_8",
    "category": "pile_h",
    "ys": [
        "arc_pile_h_8.json-Node_1(Level: 1, Phase: abstraction, Thought: , Value: 0, Parent_ID: 0, Spread: False, Children_ID: [], is_root: False, is_leaf: True)"
    ],
    "result": {
        "solution": "[[7, 7, 0, 0, 0, 0], [4, 4, 4, 0, 0, 0], [1, 1, 0, 0, 0, 0], [6, 6, 6, 0, 0, 0], [8, 8, 0, 0, 0, 0], [3, 3, 3, 0, 0, 0]]\n",
        "success": 0,
        "too_long_prompt": false,
        "tries": 1,
        "success_rate": 0.04417670682730924,
        "cat_success_cnt": 7,
        "cat_success_rate": 0.14285714285714285
    },
    "usage_so_far": {
        "completion_tokens": 279671,
        "prompt_tokens": 747,
        "cost": null
    }
}