{
    "steps": [
        {
            "prompt_log": "Sample Prompt:\nExample_1:\ninput: [0, 0, 0, 0, 0, 0, 0, 1, 1, 1, 1, 4, 1, 1, 8, 1, 1, 1, 1, 6, 1, 1, 1, 1, 1, 1, 1, 1, 1, 0, 0, 0]\noutput: [0, 0, 0, 0, 0, 0, 0, 1, 1, 1, 1, 1, 1, 1, 1, 1, 1, 1, 1, 1, 1, 1, 1, 1, 1, 1, 1, 1, 1, 0, 0, 0]\n\nExample_2:\ninput: [0, 0, 9, 9, 9, 9, 9, 9, 9, 5, 9, 9, 9, 9, 5, 9, 9, 9, 9, 5, 9, 9, 9, 0, 0, 0, 0, 0, 0, 0, 0, 0]\noutput: [0, 0, 9, 9, 9, 9, 9, 9, 9, 9, 9, 9, 9, 9, 9, 9, 9, 9, 9, 9, 9, 9, 9, 0, 0, 0, 0, 0, 0, 0, 0, 0]\n\nExample_3:\ninput: [0, 0, 0, 0, 0, 0, 0, 2, 2, 2, 2, 7, 2, 2, 2, 2, 2, 2, 2, 2, 2, 5, 2, 2, 2, 2, 2, 0, 0, 0, 0, 0]\noutput: [0, 0, 0, 0, 0, 0, 0, 2, 2, 2, 2, 2, 2, 2, 2, 2, 2, 2, 2, 2, 2, 2, 2, 2, 2, 2, 2, 0, 0, 0, 0, 0]\n\nTest case:\ninput: [5, 5, 5, 5, 5, 5, 5, 5, 5, 5, 5, 5, 5, 9, 5, 5, 5, 5, 5, 5, 5, 5, 5, 0, 0, 0, 0, 0, 0, 0, 0, 0]\n\n###########################################################\nSample Outputs:\noutput: [5, 5, 5, 5, 5, 5, 5, 5, 5, 5, 5, 5, 5, 5, 5, 5, 5, 5, 5, 5, 5, 5, 5, 0, 0, 0, 0, 0, 0, 0, 0, 0]\n\nIn all these examples, the input lists contain consecutive repeated numbers. The output lists show the same numbers but only once consecutively."
        }
    ],
    "idx": 71,
    "task": "1d_denoising_mc_28",
    "category": "1d_denoising_mc",
    "ys": [
        "Node_1(Level: 1, Phase: abstraction, Thought: , Value: 0, Parent_ID: 0, Spread: False, Children_ID: [], is_root: False, is_leaf: True)"
    ],
    "result": {
        "success": 1,
        "tries": 1,
        "success_rate": 0.3611111111111111,
        "cat_success_cnt": 14,
        "cat_success_rate": 0.6363636363636364
    },
    "usage_so_far": {
        "completion_tokens": 7410,
        "prompt_tokens": 51627,
        "cost": 0.066447
    }
}