{
    "steps": [
        {
            "prompt_log": "Sample Prompt:\nExample_1:\ninput: [0, 0, 0, 0, 0, 0, 0, 0, 3, 3, 3, 3, 3, 1, 3, 3, 3, 3, 3, 3, 3, 3, 3, 3, 3, 3, 8, 3, 3, 3, 0, 0, 0]\noutput: [0, 0, 0, 0, 0, 0, 0, 0, 3, 3, 3, 3, 3, 3, 3, 3, 3, 3, 3, 3, 3, 3, 3, 3, 3, 3, 3, 3, 3, 3, 0, 0, 0]\n\nExample_2:\ninput: [0, 5, 5, 5, 5, 5, 5, 5, 5, 5, 5, 5, 5, 3, 4, 5, 5, 5, 5, 5, 5, 5, 5, 5, 5, 5, 0, 0, 0, 0, 0, 0, 0]\noutput: [0, 5, 5, 5, 5, 5, 5, 5, 5, 5, 5, 5, 5, 5, 5, 5, 5, 5, 5, 5, 5, 5, 5, 5, 5, 5, 0, 0, 0, 0, 0, 0, 0]\n\nExample_3:\ninput: [0, 0, 2, 2, 2, 2, 2, 2, 6, 2, 2, 2, 2, 2, 2, 2, 2, 2, 2, 2, 2, 2, 2, 6, 5, 2, 2, 0, 0, 0, 0, 0, 0]\noutput: [0, 0, 2, 2, 2, 2, 2, 2, 2, 2, 2, 2, 2, 2, 2, 2, 2, 2, 2, 2, 2, 2, 2, 2, 2, 2, 2, 0, 0, 0, 0, 0, 0]\n\nTest case:\ninput: [9, 9, 9, 9, 9, 9, 9, 3, 9, 9, 9, 9, 9, 9, 9, 9, 9, 9, 9, 9, 6, 9, 9, 9, 9, 0, 0, 0, 0, 0, 0, 0, 0]\n\n###########################################################\nSample Outputs:\noutput: [9, 9, 9, 9, 9, 9, 9, 3, 9, 9, 9, 9, 9, 9, 9, 9, 9, 9, 9, 9, 9, 9, 9, 9, 9, 0, 0, 0, 0, 0, 0, 0, 0]"
        }
    ],
    "idx": 93,
    "task": "1d_denoising_mc_48",
    "category": "1d_denoising_mc",
    "ys": [
        "Node_1(Level: 1, Phase: abstraction, Thought: , Value: 0, Parent_ID: 0, Spread: False, Children_ID: [], is_root: False, is_leaf: True)"
    ],
    "result": {
        "success": 0,
        "tries": 1,
        "success_rate": 0.4148936170212766,
        "cat_success_cnt": 27,
        "cat_success_rate": 0.6136363636363636
    },
    "usage_so_far": {
        "completion_tokens": 9794,
        "prompt_tokens": 67392,
        "cost": 0.08698
    }
}