{
    "steps": [
        {
            "prompt_log": "Sample Prompt:\nExample_1:\ninput: [2, 2, 2, 2, 2, 2, 2, 2, 2, 2, 2, 2, 2, 2, 2, 2, 2, 2, 2, 2, 2, 2, 2, 0, 0, 5, 0]\noutput: [0, 0, 2, 2, 2, 2, 2, 2, 2, 2, 2, 2, 2, 2, 2, 2, 2, 2, 2, 2, 2, 2, 2, 2, 2, 5, 0]\n\nExample_2:\ninput: [0, 0, 0, 0, 0, 0, 0, 0, 0, 0, 0, 0, 0, 0, 7, 7, 7, 7, 0, 0, 5, 0, 0, 0, 0, 0, 0]\noutput: [0, 0, 0, 0, 0, 0, 0, 0, 0, 0, 0, 0, 0, 0, 0, 0, 7, 7, 7, 7, 5, 0, 0, 0, 0, 0, 0]\n\nExample_3:\ninput: [0, 0, 1, 1, 1, 1, 1, 1, 1, 1, 1, 1, 1, 1, 0, 0, 5, 0, 0, 0, 0, 0, 0, 0, 0, 0, 0]\noutput: [0, 0, 0, 0, 1, 1, 1, 1, 1, 1, 1, 1, 1, 1, 1, 1, 5, 0, 0, 0, 0, 0, 0, 0, 0, 0, 0]\n\nTest case:\ninput: [0, 0, 2, 2, 2, 2, 2, 2, 2, 2, 0, 0, 5, 0, 0, 0, 0, 0, 0, 0, 0, 0, 0, 0, 0, 0, 0]\n\n###########################################################\nSample Outputs:\noutput: [0, 0, 0, 0, 2, 2, 2, 2, 2, 2, 2, 2, 5, 0, 0, 0, 0, 0, 0, 0, 0, 0, 0, 0, 0, 0, 0]"
        }
    ],
    "idx": 437,
    "task": "1d_move_2p_dp_42",
    "category": "1d_move_2p_dp",
    "ys": [
        "Node_1(Level: 1, Phase: abstraction, Thought: , Value: 0, Parent_ID: 0, Spread: False, Children_ID: [], is_root: False, is_leaf: True)"
    ],
    "result": {
        "success": 1,
        "tries": 1,
        "success_rate": 0.3538812785388128,
        "cat_success_cnt": 7,
        "cat_success_rate": 0.18421052631578946
    },
    "usage_so_far": {
        "completion_tokens": 31951,
        "prompt_tokens": 227238,
        "cost": 0.29114
    }
}