{
    "steps": [
        {
            "prompt_log": "Sample Prompt:\nExample_1:\ninput: [0, 5, 0, 0, 0, 5, 0, 0, 0, 0, 0, 5, 0, 0, 0, 5, 0, 0, 0, 0, 0, 5, 0, 0, 0, 5, 0, 0, 0, 0]\noutput: [0, 5, 5, 5, 5, 5, 0, 0, 0, 0, 0, 5, 5, 5, 5, 5, 0, 0, 0, 0, 0, 5, 5, 5, 5, 5, 0, 0, 0, 0]\n\nExample_2:\ninput: [0, 4, 0, 0, 4, 0, 0, 0, 0, 0, 0, 4, 0, 0, 4, 0, 0, 0, 0, 0, 0, 4, 0, 0, 4, 0, 0, 0, 0, 0]\noutput: [0, 4, 4, 4, 4, 0, 0, 0, 0, 0, 0, 4, 4, 4, 4, 0, 0, 0, 0, 0, 0, 4, 4, 4, 4, 0, 0, 0, 0, 0]\n\nExample_3:\ninput: [5, 0, 0, 0, 0, 5, 0, 0, 0, 0, 5, 0, 0, 0, 0, 5, 0, 0, 0, 0, 5, 0, 0, 0, 0, 5, 0, 0, 0, 0]\noutput: [5, 5, 5, 5, 5, 5, 0, 0, 0, 0, 5, 5, 5, 5, 5, 5, 0, 0, 0, 0, 5, 5, 5, 5, 5, 5, 0, 0, 0, 0]\n\nTest case:\ninput: [0, 4, 0, 0, 0, 0, 4, 0, 0, 0, 0, 4, 0, 0, 0, 0, 4, 0, 0, 0, 0, 4, 0, 0, 0, 0, 4, 0, 0, 0]\n\n###########################################################\nSample Outputs:\noutput: [0, 4, 4, 4, 4, 4, 0, 0, 0, 0, 4, 4, 4, 4, 4, 0, 0, 0, 0, 4, 4, 4, 4, 4, 0, 0, 0, 0, 0]"
        }
    ],
    "idx": 587,
    "task": "1d_padded_fill_42",
    "category": "1d_padded_fill",
    "ys": [
        "Node_1(Level: 1, Phase: abstraction, Thought: , Value: 0, Parent_ID: 0, Spread: False, Children_ID: [], is_root: False, is_leaf: True)"
    ],
    "result": {
        "success": 0,
        "tries": 1,
        "success_rate": 0.3078231292517007,
        "cat_success_cnt": 2,
        "cat_success_rate": 0.05263157894736842
    },
    "usage_so_far": {
        "completion_tokens": 45640,
        "prompt_tokens": 325920,
        "cost": 0.4172
    }
}