{
    "steps": [
        {
            "prompt_log": "Sample Prompt:\nExample_1:\ninput: [0, 0, 1, 1, 1, 1, 1, 1, 0, 0, 0, 1, 1, 1, 1, 1, 0, 1, 1, 1, 0, 0, 1, 1, 1, 0]\noutput: [0, 0, 8, 8, 8, 8, 8, 8, 0, 0, 0, 5, 5, 5, 5, 5, 0, 5, 5, 5, 0, 0, 5, 5, 5, 0]\n\nExample_2:\ninput: [0, 0, 1, 1, 1, 1, 1, 1, 0, 1, 1, 1, 0, 1, 1, 1, 0, 1, 1, 1, 1, 1, 0, 0, 0, 0]\noutput: [0, 0, 8, 8, 8, 8, 8, 8, 0, 5, 5, 5, 0, 5, 5, 5, 0, 5, 5, 5, 5, 5, 0, 0, 0, 0]\n\nExample_3:\ninput: [0, 0, 1, 1, 1, 1, 0, 0, 0, 1, 1, 1, 1, 1, 0, 1, 1, 1, 0, 1, 1, 1, 1, 1, 0, 0]\noutput: [0, 0, 8, 8, 8, 8, 0, 0, 0, 5, 5, 5, 5, 5, 0, 5, 5, 5, 0, 5, 5, 5, 5, 5, 0, 0]\n\nTest case:\ninput: [0, 0, 1, 1, 1, 1, 0, 0, 0, 1, 1, 1, 1, 1, 0, 1, 1, 1, 1, 1, 0, 0, 0, 1, 0, 0]\n\n###########################################################\nSample Outputs:\noutput: [0, 0, 8, 8, 8, 8, 0, 0, 0, 5, 5, 5, 5, 5, 0, 5, 5, 5, 5, 5, 0, 0, 0, 5, 0, 0]"
        }
    ],
    "idx": 838,
    "task": "1d_recolor_oe_43",
    "category": "1d_recolor_oe",
    "ys": [
        "Node_1(Level: 1, Phase: abstraction, Thought: , Value: 0, Parent_ID: 0, Spread: False, Children_ID: [], is_root: False, is_leaf: True)"
    ],
    "result": {
        "success": 1,
        "tries": 1,
        "success_rate": 0.2586412395709178,
        "cat_success_cnt": 7,
        "cat_success_rate": 0.1794871794871795
    },
    "usage_so_far": {
        "completion_tokens": 68640,
        "prompt_tokens": 488067,
        "cost": 0.6253470000000001
    }
}