{
    "steps": [
        {
            "prompt_log": "Sample Prompt:\nExample_1:\ninput: [0, 0, 0, 5, 5, 5, 5, 5, 5, 0, 0, 0, 5, 5, 5, 5, 5, 0, 5, 5, 0, 0, 5, 5, 0]\noutput: [0, 0, 0, 3, 3, 3, 3, 3, 3, 0, 0, 0, 9, 9, 9, 9, 9, 0, 3, 3, 0, 0, 3, 3, 0]\n\nExample_2:\ninput: [0, 0, 0, 5, 5, 5, 5, 5, 5, 0, 5, 5, 5, 0, 5, 0, 0, 0, 5, 5, 5, 5, 5, 0, 0]\noutput: [0, 0, 0, 3, 3, 3, 3, 3, 3, 0, 9, 9, 9, 0, 9, 0, 0, 0, 9, 9, 9, 9, 9, 0, 0]\n\nExample_3:\ninput: [0, 5, 5, 0, 0, 0, 5, 0, 5, 0, 0, 0, 5, 0, 0, 0, 5, 5, 5, 0, 0, 0, 0, 0, 0]\noutput: [0, 3, 3, 0, 0, 0, 9, 0, 9, 0, 0, 0, 9, 0, 0, 0, 9, 9, 9, 0, 0, 0, 0, 0, 0]\n\nTest case:\ninput: [0, 0, 5, 5, 0, 0, 0, 5, 5, 5, 0, 0, 0, 5, 5, 5, 5, 5, 0, 5, 5, 5, 5, 5, 0]\n\n###########################################################\nSample Outputs:\noutput: [0, 0, 3, 3, 0, 0, 0, 9, 9, 9, 0, 0, 0, 9, 9, 9, 9, 9, 0, 9, 9, 9, 9, 9, 0]"
        }
    ],
    "idx": 847,
    "task": "1d_recolor_oe_7",
    "category": "1d_recolor_oe",
    "ys": [
        "Node_1(Level: 1, Phase: abstraction, Thought: , Value: 0, Parent_ID: 0, Spread: False, Children_ID: [], is_root: False, is_leaf: True)"
    ],
    "result": {
        "success": 1,
        "tries": 1,
        "success_rate": 0.2606132075471698,
        "cat_success_cnt": 11,
        "cat_success_rate": 0.22916666666666666
    },
    "usage_so_far": {
        "completion_tokens": 69327,
        "prompt_tokens": 493074,
        "cost": 0.6317280000000001
    }
}