{
    "steps": [
        {
            "prompt_log": "Sample Prompt:\nExample_1:\ninput: [0, 0, 0, 7, 7, 0, 0, 0, 7, 0, 7, 7, 7, 0, 7, 0, 0, 7, 0, 0, 0, 0, 0, 0, 0, 0, 0]\noutput: [0, 0, 0, 8, 8, 0, 0, 0, 6, 0, 6, 6, 6, 0, 6, 0, 0, 6, 0, 0, 0, 0, 0, 0, 0, 0, 0]\n\nExample_2:\ninput: [0, 0, 0, 7, 7, 0, 0, 7, 7, 7, 0, 0, 0, 7, 7, 7, 0, 7, 0, 0, 7, 0, 0, 0, 0, 0, 0]\noutput: [0, 0, 0, 8, 8, 0, 0, 6, 6, 6, 0, 0, 0, 6, 6, 6, 0, 6, 0, 0, 6, 0, 0, 0, 0, 0, 0]\n\nExample_3:\ninput: [0, 0, 7, 7, 7, 7, 0, 0, 7, 7, 7, 7, 7, 0, 7, 7, 0, 0, 0, 7, 7, 7, 7, 0, 0, 0, 0]\noutput: [0, 0, 8, 8, 8, 8, 0, 0, 6, 6, 6, 6, 6, 0, 8, 8, 0, 0, 0, 8, 8, 8, 8, 0, 0, 0, 0]\n\nTest case:\ninput: [0, 7, 7, 7, 0, 7, 7, 7, 7, 7, 7, 0, 0, 7, 7, 7, 7, 7, 0, 0, 0, 7, 7, 0, 0, 0, 0]\n\n###########################################################\nSample Outputs:\noutput: [0, 8, 8, 8, 0, 6, 6, 6, 6, 6, 6, 0, 0, 8, 8, 8, 8, 8, 0, 0, 0, 8, 8, 0, 0, 0, 0]"
        }
    ],
    "idx": 822,
    "task": "1d_recolor_oe_29",
    "category": "1d_recolor_oe",
    "ys": [
        "Node_1(Level: 1, Phase: abstraction, Thought: , Value: 0, Parent_ID: 0, Spread: False, Children_ID: [], is_root: False, is_leaf: True)"
    ],
    "result": {
        "success": 0,
        "tries": 1,
        "success_rate": 0.2600243013365735,
        "cat_success_cnt": 4,
        "cat_success_rate": 0.17391304347826086
    },
    "usage_so_far": {
        "completion_tokens": 67396,
        "prompt_tokens": 479007,
        "cost": 0.613799
    }
}