{
    "steps": [
        {
            "prompt_log": "Sample Prompt:\nExample_1:\ninput: [0, 0, 7, 7, 0, 7, 7, 7, 0, 0, 0, 7, 0, 0, 0, 7, 7, 7, 0, 0, 7, 7]\noutput: [0, 0, 5, 5, 0, 2, 2, 2, 0, 0, 0, 1, 0, 0, 0, 2, 2, 2, 0, 0, 5, 5]\n\nExample_2:\ninput: [0, 7, 0, 0, 0, 7, 7, 7, 0, 0, 0, 7, 7, 0, 0, 0, 7, 7, 0, 7, 0, 0]\noutput: [0, 1, 0, 0, 0, 2, 2, 2, 0, 0, 0, 5, 5, 0, 0, 0, 5, 5, 0, 1, 0, 0]\n\nExample_3:\ninput: [0, 0, 7, 7, 7, 0, 7, 7, 0, 0, 7, 0, 7, 0, 0, 0, 7, 7, 7, 0, 0, 0]\noutput: [0, 0, 2, 2, 2, 0, 5, 5, 0, 0, 1, 0, 1, 0, 0, 0, 2, 2, 2, 0, 0, 0]\n\nTest case:\ninput: [0, 7, 7, 7, 0, 7, 7, 0, 0, 0, 7, 0, 0, 0, 7, 7, 0, 7, 0, 0, 0, 0]\n\n###########################################################\nSample Outputs:\noutput: [0, 1, 1, 1, 0, 2, 2, 0, 0, 0, 5, 0, 0, 0, 2, 2, 0, 1, 0, 0, 0, 0]"
        }
    ],
    "idx": 766,
    "task": "1d_recolor_cnt_23",
    "category": "1d_recolor_cnt",
    "ys": [
        "Node_1(Level: 1, Phase: abstraction, Thought: , Value: 0, Parent_ID: 0, Spread: False, Children_ID: [], is_root: False, is_leaf: True)"
    ],
    "result": {
        "success": 0,
        "tries": 1,
        "success_rate": 0.26988265971316816,
        "cat_success_cnt": 2,
        "cat_success_rate": 0.11764705882352941
    },
    "usage_so_far": {
        "completion_tokens": 63374,
        "prompt_tokens": 450468,
        "cost": 0.5772160000000001
    }
}