{
    "steps": [
        {
            "prompt_log": "Sample Prompt:\nExample_1:\ninput: [0, 2, 2, 0, 0, 0, 2, 0, 0, 0, 2, 2, 2, 2, 0, 0, 0, 2, 0, 2, 2, 2, 2, 0]\noutput: [0, 2, 2, 0, 0, 0, 2, 0, 0, 0, 7, 7, 7, 7, 0, 0, 0, 2, 0, 7, 7, 7, 7, 0]\n\nExample_2:\ninput: [0, 0, 2, 2, 2, 2, 2, 2, 2, 0, 0, 0, 2, 2, 2, 2, 2, 2, 2, 0, 2, 0, 0, 0]\noutput: [0, 0, 7, 7, 7, 7, 7, 7, 7, 0, 0, 0, 7, 7, 7, 7, 7, 7, 7, 0, 2, 0, 0, 0]\n\nExample_3:\ninput: [0, 2, 2, 2, 2, 2, 0, 2, 2, 0, 0, 2, 2, 2, 0, 0, 0, 2, 2, 2, 2, 2, 0, 2]\noutput: [0, 7, 7, 7, 7, 7, 0, 2, 2, 0, 0, 2, 2, 2, 0, 0, 0, 7, 7, 7, 7, 7, 0, 2]\n\nTest case:\ninput: [0, 2, 2, 2, 2, 2, 0, 2, 2, 2, 0, 0, 0, 2, 2, 2, 2, 0, 0, 0, 2, 2, 0, 0]\n\n###########################################################\nSample Outputs:\noutput: [0, 7, 7, 7, 7, 7, 0, 2, 2, 2, 0, 0, 0, 7, 7, 7, 7, 0, 0, 0, 7, 7, 0, 0]"
        }
    ],
    "idx": 744,
    "task": "1d_recolor_cmp_49",
    "category": "1d_recolor_cmp",
    "ys": [
        "Node_1(Level: 1, Phase: abstraction, Thought: , Value: 0, Parent_ID: 0, Spread: False, Children_ID: [], is_root: False, is_leaf: True)"
    ],
    "result": {
        "success": 0,
        "tries": 1,
        "success_rate": 0.2738255033557047,
        "cat_success_cnt": 10,
        "cat_success_rate": 0.2222222222222222
    },
    "usage_so_far": {
        "completion_tokens": 61612,
        "prompt_tokens": 438126,
        "cost": 0.56135
    }
}