{
    "steps": [
        {
            "prompt_log": "Sample Prompt:\nExample_1:\ninput: [0, 0, 9, 0, 0, 9, 9, 9, 9, 9, 0, 0, 0, 9, 9, 9, 9, 0, 0, 0, 9, 9, 9, 9, 0, 0, 0, 9, 9, 0]\noutput: [0, 0, 9, 0, 0, 4, 4, 4, 4, 4, 0, 0, 0, 9, 9, 9, 9, 0, 0, 0, 9, 9, 9, 9, 0, 0, 0, 9, 9, 0]\n\nExample_2:\ninput: [0, 0, 9, 9, 9, 9, 9, 9, 9, 0, 0, 9, 9, 9, 9, 0, 0, 0, 9, 9, 9, 9, 9, 0, 0, 0, 0, 0, 0, 0]\noutput: [0, 0, 4, 4, 4, 4, 4, 4, 4, 0, 0, 9, 9, 9, 9, 0, 0, 0, 9, 9, 9, 9, 9, 0, 0, 0, 0, 0, 0, 0]\n\nExample_3:\ninput: [0, 0, 9, 9, 9, 0, 0, 9, 9, 9, 9, 0, 0, 0, 9, 9, 9, 9, 0, 0, 0, 9, 9, 0, 0, 9, 9, 0, 9, 9]\noutput: [0, 0, 9, 9, 9, 0, 0, 4, 4, 4, 4, 0, 0, 0, 4, 4, 4, 4, 0, 0, 0, 9, 9, 0, 0, 9, 9, 0, 9, 9]\n\nTest case:\ninput: [0, 0, 0, 9, 9, 9, 9, 9, 9, 9, 0, 0, 0, 9, 9, 9, 9, 9, 9, 9, 0, 0, 9, 9, 9, 9, 9, 9, 0, 0]\n\n###########################################################\nSample Outputs:\noutput: [0, 0, 0, 4, 4, 4, 4, 4, 4, 4, 0, 0, 0, 4, 4, 4, 4, 4, 4, 4, 0, 0, 9, 9, 9, 9, 9, 9, 0, 0]"
        }
    ],
    "idx": 706,
    "task": "1d_recolor_cmp_14",
    "category": "1d_recolor_cmp",
    "ys": [
        "Node_1(Level: 1, Phase: abstraction, Thought: , Value: 0, Parent_ID: 0, Spread: False, Children_ID: [], is_root: False, is_leaf: True)"
    ],
    "result": {
        "success": 1,
        "tries": 1,
        "success_rate": 0.27864214992927866,
        "cat_success_cnt": 3,
        "cat_success_rate": 0.42857142857142855
    },
    "usage_so_far": {
        "completion_tokens": 58563,
        "prompt_tokens": 415947,
        "cost": 0.533073
    }
}