{
    "steps": [
        {
            "prompt_log": "Sample Prompt:\nExample_1:\ninput: [0, 0, 0, 6, 6, 6, 0, 0, 0, 6, 6, 6, 6, 0, 0, 0, 6, 6, 0, 0, 0, 6, 6, 0, 0, 0]\noutput: [0, 0, 0, 9, 9, 9, 0, 0, 0, 4, 4, 4, 4, 0, 0, 0, 4, 4, 0, 0, 0, 4, 4, 0, 0, 0]\n\nExample_2:\ninput: [0, 0, 0, 6, 6, 6, 6, 6, 6, 0, 0, 6, 0, 6, 6, 6, 0, 6, 6, 6, 0, 6, 0, 0, 0, 0]\noutput: [0, 0, 0, 4, 4, 4, 4, 4, 4, 0, 0, 9, 0, 9, 9, 9, 0, 9, 9, 9, 0, 9, 0, 0, 0, 0]\n\nExample_3:\ninput: [0, 6, 6, 6, 0, 0, 6, 6, 6, 6, 6, 6, 0, 6, 6, 6, 6, 0, 0, 6, 6, 6, 6, 6, 0, 0]\noutput: [0, 9, 9, 9, 0, 0, 4, 4, 4, 4, 4, 4, 0, 4, 4, 4, 4, 0, 0, 9, 9, 9, 9, 9, 0, 0]\n\nTest case:\ninput: [0, 0, 6, 6, 6, 6, 6, 0, 6, 6, 0, 0, 0, 6, 6, 0, 6, 6, 6, 6, 0, 6, 6, 0, 0, 0]\n\n###########################################################\nSample Outputs:\noutput: [0, 0, 4, 4, 4, 4, 4, 0, 9, 9, 0, 0, 0, 9, 9, 0, 4, 4, 4, 4, 0, 9, 9, 0, 0, 0]"
        }
    ],
    "idx": 805,
    "task": "1d_recolor_oe_13",
    "category": "1d_recolor_oe",
    "ys": [
        "Node_1(Level: 1, Phase: abstraction, Thought: , Value: 0, Parent_ID: 0, Spread: False, Children_ID: [], is_root: False, is_leaf: True)"
    ],
    "result": {
        "success": 0,
        "tries": 1,
        "success_rate": 0.2617866004962779,
        "cat_success_cnt": 1,
        "cat_success_rate": 0.16666666666666666
    },
    "usage_so_far": {
        "completion_tokens": 66234,
        "prompt_tokens": 470499,
        "cost": 0.602967
    }
}