{
    "steps": [
        {
            "prompt_log": "Sample Prompt:\nExample_1:\ninput: [0, 0, 3, 3, 3, 3, 3, 0, 0, 3, 3, 0, 0, 3, 3, 3, 0, 0, 0, 3, 3, 3, 3, 3, 0, 3, 0, 0, 0, 0, 0, 0]\noutput: [0, 0, 5, 5, 5, 5, 5, 0, 0, 6, 6, 0, 0, 5, 5, 5, 0, 0, 0, 5, 5, 5, 5, 5, 0, 5, 0, 0, 0, 0, 0, 0]\n\nExample_2:\ninput: [0, 0, 3, 3, 3, 3, 0, 0, 0, 3, 3, 3, 0, 0, 0, 3, 3, 3, 3, 3, 0, 0, 0, 3, 3, 3, 0, 0, 3, 3, 3, 0]\noutput: [0, 0, 6, 6, 6, 6, 0, 0, 0, 5, 5, 5, 0, 0, 0, 5, 5, 5, 5, 5, 0, 0, 0, 5, 5, 5, 0, 0, 5, 5, 5, 0]\n\nExample_3:\ninput: [0, 3, 3, 3, 3, 3, 0, 0, 3, 3, 0, 3, 3, 3, 3, 0, 0, 0, 3, 3, 3, 0, 0, 0, 3, 3, 3, 0, 0, 0, 0, 0]\noutput: [0, 5, 5, 5, 5, 5, 0, 0, 6, 6, 0, 6, 6, 6, 6, 0, 0, 0, 5, 5, 5, 0, 0, 0, 5, 5, 5, 0, 0, 0, 0, 0]\n\nTest case:\ninput: [0, 0, 0, 3, 3, 3, 3, 0, 3, 3, 3, 3, 3, 0, 0, 3, 0, 0, 0, 3, 0, 0, 0, 3, 3, 3, 3, 0, 0, 0, 0, 0]\n\n###########################################################\nSample Outputs:\noutput: [0, 0, 0, 5, 5, 5, 5, 0, 6, 6, 6, 6, 6, 0, 0, 5, 0, 0, 0, 5, 0, 0, 0, 5, 5, 5, 5, 0, 0, 0, 0, 0]"
        }
    ],
    "idx": 824,
    "task": "1d_recolor_oe_30",
    "category": "1d_recolor_oe",
    "ys": [
        "Node_1(Level: 1, Phase: abstraction, Thought: , Value: 0, Parent_ID: 0, Spread: False, Children_ID: [], is_root: False, is_leaf: True)"
    ],
    "result": {
        "success": 0,
        "tries": 1,
        "success_rate": 0.2606060606060606,
        "cat_success_cnt": 5,
        "cat_success_rate": 0.2
    },
    "usage_so_far": {
        "completion_tokens": 67538,
        "prompt_tokens": 480045,
        "cost": 0.615121
    }
}