{
    "steps": [
        {
            "prompt_log": "Sample Prompt:\nExample_1:\ninput: [0, 0, 0, 3, 3, 3, 3, 3, 3, 0, 0, 3, 3, 3, 3, 3, 0, 0, 0, 3, 3, 3, 0]\noutput: [0, 0, 0, 5, 5, 5, 5, 5, 5, 0, 0, 8, 8, 8, 8, 8, 0, 0, 0, 8, 8, 8, 0]\n\nExample_2:\ninput: [0, 0, 3, 3, 3, 3, 3, 3, 0, 0, 3, 3, 3, 0, 3, 3, 3, 0, 3, 3, 3, 3, 3]\noutput: [0, 0, 5, 5, 5, 5, 5, 5, 0, 0, 8, 8, 8, 0, 8, 8, 8, 0, 8, 8, 8, 8, 8]\n\nExample_3:\ninput: [0, 0, 3, 3, 0, 0, 0, 3, 3, 3, 0, 0, 0, 3, 3, 3, 0, 3, 3, 3, 3, 3, 0]\noutput: [0, 0, 5, 5, 0, 0, 0, 8, 8, 8, 0, 0, 0, 8, 8, 8, 0, 8, 8, 8, 8, 8, 0]\n\nTest case:\ninput: [0, 3, 3, 3, 3, 3, 0, 3, 3, 0, 0, 0, 3, 3, 3, 3, 3, 3, 0, 3, 0, 0, 0]\n\n###########################################################\nSample Outputs:\noutput: [0, 5, 5, 5, 5, 5, 0, 8, 8, 0, 0, 0, 8, 8, 8, 8, 8, 8, 0, 8, 0, 0, 0]"
        }
    ],
    "idx": 827,
    "task": "1d_recolor_oe_33",
    "category": "1d_recolor_oe",
    "ys": [
        "Node_1(Level: 1, Phase: abstraction, Thought: , Value: 0, Parent_ID: 0, Spread: False, Children_ID: [], is_root: False, is_leaf: True)"
    ],
    "result": {
        "success": 0,
        "tries": 1,
        "success_rate": 0.25966183574879226,
        "cat_success_cnt": 5,
        "cat_success_rate": 0.17857142857142858
    },
    "usage_so_far": {
        "completion_tokens": 67769,
        "prompt_tokens": 481728,
        "cost": 0.6172660000000001
    }
}