{
    "steps": [
        {
            "prompt_log": "Sample Prompt:\nExample_1:\ninput: [0, 5, 5, 5, 0, 0, 0, 5, 5, 5, 5, 0, 0, 0, 5, 5, 0, 0, 0, 5, 0, 0, 0]\noutput: [0, 4, 4, 4, 0, 0, 0, 7, 7, 7, 7, 0, 0, 0, 7, 7, 0, 0, 0, 4, 0, 0, 0]\n\nExample_2:\ninput: [0, 0, 5, 5, 5, 5, 5, 0, 5, 5, 5, 5, 5, 5, 0, 0, 5, 5, 0, 5, 5, 5, 0]\noutput: [0, 0, 4, 4, 4, 4, 4, 0, 7, 7, 7, 7, 7, 7, 0, 0, 7, 7, 0, 4, 4, 4, 0]\n\nExample_3:\ninput: [0, 5, 5, 5, 0, 5, 5, 5, 5, 5, 5, 0, 0, 5, 5, 5, 5, 5, 0, 0, 0, 0, 0]\noutput: [0, 4, 4, 4, 0, 7, 7, 7, 7, 7, 7, 0, 0, 4, 4, 4, 4, 4, 0, 0, 0, 0, 0]\n\nTest case:\ninput: [0, 5, 5, 5, 5, 0, 0, 5, 5, 5, 0, 0, 0, 5, 5, 5, 0, 5, 5, 5, 5, 5, 0]\n\n###########################################################\nSample Outputs:\noutput: [0, 4, 4, 4, 4, 0, 0, 7, 7, 7, 0, 0, 0, 7, 7, 7, 0, 4, 4, 4, 4, 4, 0]"
        }
    ],
    "idx": 825,
    "task": "1d_recolor_oe_31",
    "category": "1d_recolor_oe",
    "ys": [
        "Node_1(Level: 1, Phase: abstraction, Thought: , Value: 0, Parent_ID: 0, Spread: False, Children_ID: [], is_root: False, is_leaf: True)"
    ],
    "result": {
        "success": 0,
        "tries": 1,
        "success_rate": 0.2602905569007264,
        "cat_success_cnt": 5,
        "cat_success_rate": 0.19230769230769232
    },
    "usage_so_far": {
        "completion_tokens": 67609,
        "prompt_tokens": 480564,
        "cost": 0.615782
    }
}