{
    "steps": [
        {
            "prompt_log": "Sample Prompt:\nExample_1:\ninput: [0, 8, 8, 8, 0, 0, 8, 8, 8, 8, 8, 0, 0, 8, 8, 8, 8, 8, 0, 8, 8, 0, 0, 8, 8, 0, 8, 8, 8, 8, 8]\noutput: [0, 8, 8, 8, 0, 0, 3, 3, 3, 3, 3, 0, 0, 3, 3, 3, 3, 3, 0, 8, 8, 0, 0, 8, 8, 0, 3, 3, 3, 3, 3]\n\nExample_2:\ninput: [0, 0, 0, 8, 8, 8, 8, 8, 8, 8, 0, 8, 8, 8, 8, 8, 8, 8, 0, 0, 8, 8, 8, 0, 0, 8, 8, 8, 8, 0, 0]\noutput: [0, 0, 0, 3, 3, 3, 3, 3, 3, 3, 0, 3, 3, 3, 3, 3, 3, 3, 0, 0, 8, 8, 8, 0, 0, 8, 8, 8, 8, 0, 0]\n\nExample_3:\ninput: [0, 0, 8, 8, 8, 0, 0, 0, 8, 8, 8, 0, 8, 8, 8, 8, 0, 8, 8, 8, 8, 0, 0, 8, 8, 8, 0, 8, 8, 8, 8]\noutput: [0, 0, 8, 8, 8, 0, 0, 0, 8, 8, 8, 0, 3, 3, 3, 3, 0, 3, 3, 3, 3, 0, 0, 8, 8, 8, 0, 3, 3, 3, 3]\n\nTest case:\ninput: [0, 0, 8, 8, 0, 0, 8, 8, 8, 8, 8, 8, 0, 0, 8, 8, 8, 8, 0, 0, 0, 8, 8, 8, 8, 8, 8, 0, 0, 0, 0]\n\n###########################################################\nSample Outputs:\noutput: [0, 0, 8, 8, 0, 0, 3, 3, 3, 3, 3, 3, 0, 0, 3, 3, 3, 3, 0, 0, 0, 3, 3, 3, 3, 3, 3, 0, 0, 0, 0]"
        }
    ],
    "idx": 727,
    "task": "1d_recolor_cmp_33",
    "category": "1d_recolor_cmp",
    "ys": [
        "Node_1(Level: 1, Phase: abstraction, Thought: , Value: 0, Parent_ID: 0, Spread: False, Children_ID: [], is_root: False, is_leaf: True)"
    ],
    "result": {
        "success": 0,
        "tries": 1,
        "success_rate": 0.27472527472527475,
        "cat_success_cnt": 6,
        "cat_success_rate": 0.21428571428571427
    },
    "usage_so_far": {
        "completion_tokens": 60264,
        "prompt_tokens": 428316,
        "cost": 0.548844
    }
}