{
    "steps": [
        {
            "prompt_log": "Sample Prompt:\nExample_1:\ninput: [0, 0, 0, 4, 4, 4, 4, 0, 0, 4, 0, 4, 4, 4, 4, 4, 0, 0, 4, 4, 4, 4, 0, 0, 0, 4, 0, 0, 0, 0, 0, 0, 0]\noutput: [0, 0, 0, 8, 8, 8, 8, 0, 0, 1, 0, 1, 1, 1, 1, 1, 0, 0, 8, 8, 8, 8, 0, 0, 0, 1, 0, 0, 0, 0, 0, 0, 0]\n\nExample_2:\ninput: [0, 0, 4, 4, 4, 4, 4, 0, 4, 4, 0, 0, 4, 4, 4, 4, 4, 0, 4, 0, 4, 4, 4, 0, 0, 0, 0, 0, 0, 0, 0, 0, 0]\noutput: [0, 0, 1, 1, 1, 1, 1, 0, 8, 8, 0, 0, 1, 1, 1, 1, 1, 0, 1, 0, 1, 1, 1, 0, 0, 0, 0, 0, 0, 0, 0, 0, 0]\n\nExample_3:\ninput: [0, 0, 0, 4, 4, 4, 4, 4, 4, 0, 0, 0, 4, 4, 4, 0, 0, 4, 4, 4, 4, 4, 0, 0, 0, 4, 4, 4, 0, 0, 0, 0, 0]\noutput: [0, 0, 0, 8, 8, 8, 8, 8, 8, 0, 0, 0, 1, 1, 1, 0, 0, 1, 1, 1, 1, 1, 0, 0, 0, 1, 1, 1, 0, 0, 0, 0, 0]\n\nTest case:\ninput: [0, 0, 0, 4, 4, 4, 4, 4, 0, 4, 4, 0, 0, 0, 4, 4, 4, 4, 4, 0, 0, 0, 4, 4, 0, 0, 4, 4, 4, 4, 0, 0, 0]\n\n###########################################################\nSample Outputs:\noutput: [0, 0, 0, 1, 1, 1, 1, 1, 0, 8, 8, 0, 0, 0, 1, 1, 1, 1, 1, 0, 0, 0, 1, 1, 0, 0, 1, 1, 1, 1, 0, 0, 0]"
        }
    ],
    "idx": 829,
    "task": "1d_recolor_oe_35",
    "category": "1d_recolor_oe",
    "ys": [
        "Node_1(Level: 1, Phase: abstraction, Thought: , Value: 0, Parent_ID: 0, Spread: False, Children_ID: [], is_root: False, is_leaf: True)"
    ],
    "result": {
        "success": 0,
        "tries": 1,
        "success_rate": 0.26024096385542167,
        "cat_success_cnt": 6,
        "cat_success_rate": 0.2
    },
    "usage_so_far": {
        "completion_tokens": 67959,
        "prompt_tokens": 483102,
        "cost": 0.61902
    }
}