{
    "steps": [
        {
            "prompt_log": "Sample Prompt:\nExample_1:\ninput: [0, 0, 0, 0, 0, 0, 0, 0, 0, 2, 2, 2, 2, 2, 2, 2, 2, 2, 0, 0, 0, 0, 8, 0, 0]\noutput: [0, 0, 0, 0, 0, 0, 0, 0, 0, 0, 0, 0, 0, 2, 2, 2, 2, 2, 2, 2, 2, 2, 8, 0, 0]\n\nExample_2:\ninput: [0, 0, 0, 0, 0, 0, 0, 3, 3, 3, 3, 3, 3, 3, 3, 3, 3, 3, 0, 0, 0, 0, 0, 0, 8]\noutput: [0, 0, 0, 0, 0, 0, 0, 0, 0, 0, 0, 0, 0, 3, 3, 3, 3, 3, 3, 3, 3, 3, 3, 3, 8]\n\nExample_3:\ninput: [0, 0, 0, 0, 0, 0, 0, 0, 0, 4, 4, 4, 4, 4, 4, 0, 0, 0, 0, 0, 0, 0, 8, 0, 0]\noutput: [0, 0, 0, 0, 0, 0, 0, 0, 0, 0, 0, 0, 0, 0, 0, 0, 4, 4, 4, 4, 4, 4, 8, 0, 0]\n\nTest case:\ninput: [0, 0, 0, 0, 0, 0, 0, 0, 0, 0, 0, 2, 2, 2, 0, 0, 0, 8, 0, 0, 0, 0, 0, 0, 0]\n\n###########################################################\nSample Outputs:\noutput: [0, 0, 0, 0, 0, 0, 0, 0, 0, 0, 0, 0, 0, 0, 0, 0, 0, 0, 0, 0, 0, 0, 0, 0, 0]</s>"
        }
    ],
    "idx": 545,
    "task": "1d_move_dp_5",
    "category": "1d_move_dp",
    "ys": [
        "1d_move_dp_5.json-Node_1(Level: 1, Phase: abstraction, Thought: , Value: 0, Parent_ID: 0, Spread: False, Children_ID: [], is_root: False, is_leaf: True)"
    ],
    "result": {
        "solution": "[0, 0, 0, 0, 0, 0, 0, 0, 0, 0, 0, 0, 0, 0, 2, 2, 2, 8, 0, 0, 0, 0, 0, 0, 0]",
        "success": 0,
        "too_long_prompt": false,
        "tries": 1,
        "success_rate": 0.031135531135531136,
        "cat_success_cnt": 1,
        "cat_success_rate": 0.021739130434782608
    },
    "usage_so_far": {
        "completion_tokens": 401773,
        "prompt_tokens": 279804,
        "cost": null
    }
}