{
    "steps": [
        {
            "prompt_log": "Sample Prompt:\nExample_1:\ninput: [0, 0, 6, 6, 6, 6, 6, 0, 0, 0, 6, 6, 0, 6, 6, 0, 0, 0, 6, 6, 6, 6, 0, 6, 6, 6, 0, 0, 0, 0, 0, 0, 0]\noutput: [0, 0, 3, 3, 3, 3, 3, 0, 0, 0, 9, 9, 0, 9, 9, 0, 0, 0, 9, 9, 9, 9, 0, 3, 3, 3, 0, 0, 0, 0, 0, 0, 0]\n\nExample_2:\ninput: [0, 6, 6, 0, 6, 0, 0, 6, 6, 6, 0, 0, 0, 6, 6, 6, 6, 6, 0, 0, 0, 6, 6, 6, 6, 0, 0, 0, 0, 0, 0, 0, 0]\noutput: [0, 9, 9, 0, 3, 0, 0, 3, 3, 3, 0, 0, 0, 3, 3, 3, 3, 3, 0, 0, 0, 9, 9, 9, 9, 0, 0, 0, 0, 0, 0, 0, 0]\n\nExample_3:\ninput: [0, 0, 6, 6, 0, 0, 0, 6, 6, 6, 0, 0, 6, 6, 6, 0, 6, 6, 6, 0, 0, 6, 0, 0, 0, 0, 0, 0, 0, 0, 0, 0, 0]\noutput: [0, 0, 9, 9, 0, 0, 0, 3, 3, 3, 0, 0, 3, 3, 3, 0, 3, 3, 3, 0, 0, 3, 0, 0, 0, 0, 0, 0, 0, 0, 0, 0, 0]\n\nTest case:\ninput: [0, 0, 6, 6, 6, 6, 6, 0, 0, 6, 6, 6, 6, 0, 0, 6, 6, 6, 6, 0, 6, 6, 6, 6, 0, 0, 0, 6, 6, 6, 6, 0, 0]\n\n###########################################################\nSample Outputs:\noutput: [0, 0, 3, 3, 3, 3, 3, 0, 0, 0, 9, 9, 0, 9, 9, 0, 0, 0, 9, 9, 9, 9, 0, 3, 3, 3, 0, 0, 0, 0, 0, 0, 0, 0]</s>"
        }
    ],
    "idx": 844,
    "task": "1d_recolor_oe_49",
    "category": "1d_recolor_oe",
    "ys": [
        "1d_recolor_oe_49.json-Node_1(Level: 1, Phase: abstraction, Thought: , Value: 0, Parent_ID: 0, Spread: False, Children_ID: [], is_root: False, is_leaf: True)"
    ],
    "result": {
        "solution": "[0, 0, 3, 3, 3, 3, 3, 0, 0, 9, 9, 9, 9, 0, 0, 9, 9, 9, 9, 0, 9, 9, 9, 9, 0, 0, 0, 9, 9, 9, 9, 0, 0]",
        "success": 0,
        "too_long_prompt": false,
        "tries": 1,
        "success_rate": 0.027218934911242602,
        "cat_success_cnt": 1,
        "cat_success_rate": 0.022222222222222223
    },
    "usage_so_far": {
        "completion_tokens": 602710,
        "prompt_tokens": 498004,
        "cost": null
    }
}