{
    "steps": [
        {
            "prompt_log": "Sample Prompt:\nExample_1:\ninput: [0, 4, 4, 4, 0, 4, 4, 0, 0, 4, 4, 0, 4, 4, 4, 4, 4, 4, 0, 4, 0, 0, 0, 0, 0, 0, 0, 0, 0, 0, 0, 0]\noutput: [0, 7, 7, 7, 0, 3, 3, 0, 0, 3, 3, 0, 3, 3, 3, 3, 3, 3, 0, 7, 0, 0, 0, 0, 0, 0, 0, 0, 0, 0, 0, 0]\n\nExample_2:\ninput: [0, 4, 4, 4, 4, 4, 0, 0, 4, 4, 4, 4, 4, 4, 0, 0, 0, 4, 4, 4, 4, 0, 0, 0, 4, 4, 4, 4, 4, 0, 0, 0]\noutput: [0, 7, 7, 7, 7, 7, 0, 0, 3, 3, 3, 3, 3, 3, 0, 0, 0, 3, 3, 3, 3, 0, 0, 0, 7, 7, 7, 7, 7, 0, 0, 0]\n\nExample_3:\ninput: [0, 0, 4, 4, 4, 4, 0, 4, 4, 4, 4, 4, 0, 4, 4, 4, 4, 0, 0, 4, 4, 4, 0, 0, 4, 4, 4, 4, 4, 0, 0, 0]\noutput: [0, 0, 3, 3, 3, 3, 0, 7, 7, 7, 7, 7, 0, 3, 3, 3, 3, 0, 0, 7, 7, 7, 0, 0, 7, 7, 7, 7, 7, 0, 0, 0]\n\nTest case:\ninput: [0, 4, 4, 4, 4, 0, 0, 0, 4, 0, 0, 4, 4, 4, 4, 4, 0, 0, 4, 0, 4, 4, 4, 0, 0, 0, 0, 0, 0, 0, 0, 0]\n\n###########################################################\nSample Outputs:\noutput: [0, 7, 7, 7, 7, 0, 3, 3, 0, 0, 3, 3, 0, 3, 3, 3, 3, 3, 3, 0, 7, 0, 0, 0, 0, 0, 0, 0, 0, 0, 0, 0, 0]</s>"
        }
    ],
    "idx": 836,
    "task": "1d_recolor_oe_41",
    "category": "1d_recolor_oe",
    "ys": [
        "1d_recolor_oe_41.json-Node_1(Level: 1, Phase: abstraction, Thought: , Value: 0, Parent_ID: 0, Spread: False, Children_ID: [], is_root: False, is_leaf: True)"
    ],
    "result": {
        "solution": "[0, 3, 3, 3, 3, 0, 0, 0, 7, 0, 0, 7, 7, 7, 7, 7, 0, 0, 7, 0, 7, 7, 7, 0, 0, 0, 0, 0, 0, 0, 0, 0]",
        "success": 0,
        "too_long_prompt": false,
        "tries": 1,
        "success_rate": 0.027479091995221028,
        "cat_success_cnt": 1,
        "cat_success_rate": 0.02702702702702703
    },
    "usage_so_far": {
        "completion_tokens": 597741,
        "prompt_tokens": 493851,
        "cost": null
    }
}