{
    "steps": [
        {
            "prompt_log": "Sample Prompt:\nExample_1:\ninput: [0, 0, 3, 3, 3, 3, 3, 3, 3, 0, 3, 3, 3, 3, 3, 3, 0, 0, 0, 0]\noutput: [0, 0, 9, 9, 9, 9, 9, 9, 9, 0, 3, 3, 3, 3, 3, 3, 0, 0, 0, 0]\n\nExample_2:\ninput: [0, 0, 0, 3, 3, 3, 3, 0, 3, 0, 0, 0, 3, 3, 3, 0, 0, 3, 3, 0]\noutput: [0, 0, 0, 9, 9, 9, 9, 0, 3, 0, 0, 0, 3, 3, 3, 0, 0, 3, 3, 0]\n\nExample_3:\ninput: [0, 3, 3, 3, 3, 3, 0, 3, 3, 0, 3, 0, 0, 3, 3, 3, 0, 0, 3, 0]\noutput: [0, 9, 9, 9, 9, 9, 0, 3, 3, 0, 3, 0, 0, 3, 3, 3, 0, 0, 3, 0]\n\nTest case:\ninput: [0, 0, 3, 3, 3, 3, 0, 0, 3, 3, 0, 3, 0, 0, 3, 3, 3, 0, 0, 0]\n\n###########################################################\nSample Outputs:\noutput: [0, 0, 9, 9, 9, 9, 0, 0, 3, 3, 0, 3, 0, 0, 3, 3, 3, 0, 0, 0]\n\nExplanation:\n\n* For the first example, the input is [0, 0, 3, 3, 3, 3, 3, 3, 3, 3, 0, 3, 3, 3, 3, 3, 3, 0, 0, 0, 0], and the output is [0, 0, 9, 9, 9, 9, 9, 9, 9, 9, 0, 3, 3, 3, 3, 3, 0, 0, 0, 0].\n* For the second example, the input is [0, 0, 0, 3, 3, 3, 3, 0, 3, 0, 0, 0, 3, 3, 3, 0, 0, 3, 3, 0], and the output is [0, 0, 0, 9, 9, 9, 9, 0, 3, 0, 0, 0, 3, 3, 3, 0, 0, 3, 0].\n* For the third example, the input is [0, 3, 3, 3, 3, 3, 0, 3, 3, 0, 3, 0, 0, 3, 3, 3, 0, 0, 3, 0], and the output is [0, 9, 9, 9, 9, 9, 0, 3, 3, 0, 3, 0, 0, 3, 3, 3, 0, 0, 3, 0].\n* For the test case, the input is [0, 0, 3, 3, 3, 3, 0, 0, 3, 3, 0, 3, 0, 0, 3, 3, 3, 0, 0, 0], and the output is [0, 0, 9, 9, 9, 9, 0, 0, 3, 3, 0, 3, 0, 0, 3, 3, 3, 0, 0, 0].</s>"
        }
    ],
    "idx": 737,
    "task": "1d_recolor_cmp_42",
    "category": "1d_recolor_cmp",
    "ys": [
        "1d_recolor_cmp_42.json-Node_1(Level: 1, Phase: abstraction, Thought: , Value: 0, Parent_ID: 0, Spread: False, Children_ID: [], is_root: False, is_leaf: True)"
    ],
    "result": {
        "solution": "[0, 0, 9, 9, 9, 9, 0, 0, 3, 3, 0, 3, 0, 0, 3, 3, 3, 0, 0, 0]",
        "success": 1,
        "too_long_prompt": false,
        "tries": 1,
        "success_rate": 0.02981029810298103,
        "cat_success_cnt": 1,
        "cat_success_rate": 0.02631578947368421
    },
    "usage_so_far": {
        "completion_tokens": 545796,
        "prompt_tokens": 440040,
        "cost": null
    }
}