{
    "steps": [
        {
            "prompt_log": "Sample Prompt:\nExample_1:\ninput: [0, 0, 9, 9, 9, 9, 9, 9, 9, 9, 9, 9, 9, 9, 9, 9, 9, 9, 2, 9, 9, 9, 6, 9, 9, 0, 0, 0, 0, 0, 0, 0]\noutput: [0, 0, 9, 9, 9, 9, 9, 9, 9, 9, 9, 9, 9, 9, 9, 9, 9, 9, 9, 9, 9, 9, 9, 9, 9, 0, 0, 0, 0, 0, 0, 0]\n\nExample_2:\ninput: [0, 0, 0, 0, 0, 0, 5, 5, 5, 5, 5, 5, 5, 5, 6, 2, 5, 5, 5, 8, 5, 5, 5, 8, 5, 5, 5, 5, 0, 0, 0, 0]\noutput: [0, 0, 0, 0, 0, 0, 5, 5, 5, 5, 5, 5, 5, 5, 5, 5, 5, 5, 5, 5, 5, 5, 5, 5, 5, 5, 5, 5, 0, 0, 0, 0]\n\nExample_3:\ninput: [0, 0, 5, 5, 5, 5, 5, 5, 5, 5, 5, 5, 8, 5, 5, 5, 5, 5, 5, 5, 5, 5, 5, 5, 5, 5, 0, 0, 0, 0, 0, 0]\noutput: [0, 0, 5, 5, 5, 5, 5, 5, 5, 5, 5, 5, 5, 5, 5, 5, 5, 5, 5, 5, 5, 5, 5, 5, 5, 5, 0, 0, 0, 0, 0, 0]\n\nTest case:\ninput: [0, 0, 0, 0, 0, 0, 0, 0, 0, 1, 1, 1, 1, 1, 4, 1, 1, 1, 7, 5, 1, 1, 1, 1, 1, 1, 1, 1, 1, 0, 0, 0]\n\n\n\n###########################################################\nSample Outputs:\nOutput: [0, 0, 0, 0, 0, 0, 0, 0, 0, 1, 1, 1, 1, 1, 1, 1, 1, 1, 1, 1, 1, 1, 1, 1, 1, 1, 1, 1, 1, 0, 0, 0]"
        }
    ],
    "idx": 70,
    "task": "1d_denoising_mc_27",
    "category": "1d_denoising_mc",
    "ys": [
        "1d_denoising_mc_27.json-Node_1(Level: 1, Phase: abstraction, Thought: , Value: 0, Parent_ID: 0, Spread: False, Children_ID: [], is_root: False, is_leaf: True)"
    ],
    "result": {
        "solution": "[0, 0, 0, 0, 0, 0, 0, 0, 0, 1, 1, 1, 1, 1, 1, 1, 1, 1, 1, 1, 1, 1, 1, 1, 1, 1, 1, 1, 1, 0, 0, 0]",
        "success": 1,
        "too_long_prompt": false,
        "tries": 1,
        "success_rate": 0.36619718309859156,
        "cat_success_cnt": 14,
        "cat_success_rate": 0.6666666666666666
    },
    "usage_so_far": {
        "completion_tokens": 1150916,
        "prompt_tokens": 1051018,
        "cost": null
    }
}