{
    "steps": [
        {
            "prompt_log": "Sample Prompt:\nExample_1:\ninput: [0, 0, 0, 0, 0, 5, 5, 5, 5, 4, 5, 5, 5, 5, 5, 5, 5, 5, 5, 5, 4, 5, 5, 1, 5, 5, 5, 5, 0, 0, 0, 0, 0]\noutput: [0, 0, 0, 0, 0, 5, 5, 5, 5, 5, 5, 5, 5, 5, 5, 5, 5, 5, 5, 5, 5, 5, 5, 5, 5, 5, 5, 5, 0, 0, 0, 0, 0]\n\nExample_2:\ninput: [0, 0, 0, 0, 4, 4, 4, 4, 1, 4, 4, 4, 4, 8, 4, 4, 4, 4, 4, 4, 9, 4, 4, 4, 4, 4, 4, 4, 0, 0, 0, 0, 0]\noutput: [0, 0, 0, 0, 4, 4, 4, 4, 4, 4, 4, 4, 4, 4, 4, 4, 4, 4, 4, 4, 4, 4, 4, 4, 4, 4, 4, 4, 0, 0, 0, 0, 0]\n\nExample_3:\ninput: [0, 0, 0, 0, 0, 8, 8, 8, 8, 8, 8, 8, 8, 8, 8, 9, 8, 8, 6, 8, 8, 8, 8, 8, 7, 8, 8, 8, 0, 0, 0, 0, 0]\noutput: [0, 0, 0, 0, 0, 8, 8, 8, 8, 8, 8, 8, 8, 8, 8, 8, 8, 8, 8, 8, 8, 8, 8, 8, 8, 8, 8, 8, 0, 0, 0, 0, 0]\n\nTest case:\ninput: [0, 0, 0, 0, 4, 4, 4, 4, 4, 4, 4, 4, 4, 4, 4, 4, 5, 4, 4, 4, 4, 4, 4, 4, 4, 4, 4, 0, 0, 0, 0, 0, 0]\n\n\n\n###########################################################\nSample Outputs:\noutput: [0, 0, 0, 0, 4, 4, 4, 4, 4, 4, 4, 4, 4, 4, 4, 4, 5, 4, 4, 4, 4, 4, 4, 4, 4, 4, 4, 0, 0, 0, 0, 0, 0]"
        }
    ],
    "idx": 60,
    "task": "1d_denoising_mc_18",
    "category": "1d_denoising_mc",
    "ys": [
        "1d_denoising_mc_18.json-Node_1(Level: 1, Phase: abstraction, Thought: , Value: 0, Parent_ID: 0, Spread: False, Children_ID: [], is_root: False, is_leaf: True)"
    ],
    "result": {
        "solution": "[0, 0, 0, 0, 4, 4, 4, 4, 4, 4, 4, 4, 4, 4, 4, 4, 4, 4, 4, 4, 4, 4, 4, 4, 4, 4, 4, 0, 0, 0, 0, 0, 0]",
        "success": 0,
        "too_long_prompt": false,
        "tries": 1,
        "success_rate": 0.29508196721311475,
        "cat_success_cnt": 6,
        "cat_success_rate": 0.5454545454545454
    },
    "usage_so_far": {
        "completion_tokens": 1149924,
        "prompt_tokens": 1050988,
        "cost": null
    }
}