{
    "steps": [
        {
            "prompt_log": "Sample Prompt:\nExample_1:\ninput: [0, 1, 1, 1, 1, 1, 1, 1, 1, 1, 1, 1, 6, 1, 1, 1, 5, 1, 2, 1, 1, 0, 0, 0, 0, 0, 0, 0, 0, 0, 0, 0]\noutput: [0, 1, 1, 1, 1, 1, 1, 1, 1, 1, 1, 1, 1, 1, 1, 1, 1, 1, 1, 1, 1, 0, 0, 0, 0, 0, 0, 0, 0, 0, 0, 0]\n\nExample_2:\ninput: [0, 7, 7, 7, 7, 9, 7, 7, 1, 7, 7, 7, 7, 7, 7, 7, 9, 7, 7, 7, 7, 7, 7, 7, 0, 0, 0, 0, 0, 0, 0, 0]\noutput: [0, 7, 7, 7, 7, 7, 7, 7, 7, 7, 7, 7, 7, 7, 7, 7, 7, 7, 7, 7, 7, 7, 7, 7, 0, 0, 0, 0, 0, 0, 0, 0]\n\nExample_3:\ninput: [0, 0, 0, 4, 4, 4, 4, 4, 4, 8, 4, 4, 4, 4, 4, 3, 7, 4, 4, 4, 4, 4, 4, 4, 4, 4, 0, 0, 0, 0, 0, 0]\noutput: [0, 0, 0, 4, 4, 4, 4, 4, 4, 4, 4, 4, 4, 4, 4, 4, 4, 4, 4, 4, 4, 4, 4, 4, 4, 4, 0, 0, 0, 0, 0, 0]\n\nTest case:\ninput: [0, 6, 6, 6, 6, 6, 9, 6, 6, 6, 6, 6, 6, 6, 6, 6, 6, 5, 6, 6, 6, 6, 6, 0, 0, 0, 0, 0, 0, 0, 0, 0]\n\n\n\n###########################################################\nSample Outputs:\nOutput: [0, 6, 6, 6, 6, 6, 6, 6, 6, 6, 6, 6, 6, 6, 6, 6, 6, 6, 6, 6, 6, 6, 6, 0, 0, 0, 0, 0, 0, 0, 0, 0]"
        }
    ],
    "idx": 94,
    "task": "1d_denoising_mc_49",
    "category": "1d_denoising_mc",
    "ys": [
        "1d_denoising_mc_49.json-Node_1(Level: 1, Phase: abstraction, Thought: , Value: 0, Parent_ID: 0, Spread: False, Children_ID: [], is_root: False, is_leaf: True)"
    ],
    "result": {
        "solution": "[0, 6, 6, 6, 6, 6, 6, 6, 6, 6, 6, 6, 6, 6, 6, 6, 6, 6, 6, 6, 6, 6, 6, 0, 0, 0, 0, 0, 0, 0, 0, 0]",
        "success": 1,
        "too_long_prompt": false,
        "tries": 1,
        "success_rate": 0.43157894736842106,
        "cat_success_cnt": 29,
        "cat_success_rate": 0.6444444444444445
    },
    "usage_so_far": {
        "completion_tokens": 1153292,
        "prompt_tokens": 1051090,
        "cost": null
    }
}