{
    "steps": [
        {
            "prompt_log": "Sample Prompt:\nExample_1:\ninput: [0, 0, 0, 3, 0, 0, 3, 0, 0, 0, 0, 0, 3, 0, 0, 3, 0, 0, 0, 0, 0, 3, 0, 0, 3, 0, 0]\noutput: [0, 0, 0, 3, 3, 3, 3, 0, 0, 0, 0, 0, 3, 3, 3, 3, 0, 0, 0, 0, 0, 3, 3, 3, 3, 0, 0]\n\nExample_2:\ninput: [0, 0, 0, 0, 3, 0, 0, 3, 0, 0, 0, 0, 0, 3, 0, 0, 3, 0, 0, 0, 0, 0, 3, 0, 0, 3, 0]\noutput: [0, 0, 0, 0, 3, 3, 3, 3, 0, 0, 0, 0, 0, 3, 3, 3, 3, 0, 0, 0, 0, 0, 3, 3, 3, 3, 0]\n\nExample_3:\ninput: [0, 0, 8, 0, 0, 0, 8, 0, 0, 0, 0, 8, 0, 0, 0, 8, 0, 0, 0, 0, 8, 0, 0, 0, 8, 0, 0]\noutput: [0, 0, 8, 8, 8, 8, 8, 0, 0, 0, 0, 8, 8, 8, 8, 8, 0, 0, 0, 0, 8, 8, 8, 8, 8, 0, 0]\n\nTest case:\ninput: [0, 0, 0, 5, 0, 0, 5, 0, 0, 0, 0, 0, 5, 0, 0, 5, 0, 0, 0, 0, 0, 5, 0, 0, 5, 0, 0]\n\n\n\n###########################################################\nSample Outputs:\nOutput: [0, 0, 0, 5, 5, 5, 5, 0, 0, 0, 0, 0, 5, 5, 5, 5, 0, 0, 0, 0, 0, 5, 5, 5, 5, 0, 0]"
        }
    ],
    "idx": 592,
    "task": "1d_padded_fill_47",
    "category": "1d_padded_fill",
    "ys": [
        "1d_padded_fill_47.json-Node_1(Level: 1, Phase: abstraction, Thought: , Value: 0, Parent_ID: 0, Spread: False, Children_ID: [], is_root: False, is_leaf: True)"
    ],
    "result": {
        "solution": "[0, 0, 0, 5, 5, 5, 5, 0, 0, 0, 0, 0, 5, 5, 5, 5, 0, 0, 0, 0, 0, 5, 5, 5, 5, 0, 0]",
        "success": 1,
        "too_long_prompt": false,
        "tries": 1,
        "success_rate": 0.34517766497461927,
        "cat_success_cnt": 6,
        "cat_success_rate": 0.14634146341463414
    },
    "usage_so_far": {
        "completion_tokens": 1242691,
        "prompt_tokens": 1052578,
        "cost": null
    }
}