{
    "steps": [
        {
            "prompt_log": "Sample Prompt:\nExample_1:\ninput: [0, 0, 0, 6, 0, 0, 0, 6, 6, 6, 0, 0, 0, 6, 6, 0, 6, 6, 0, 0, 6, 0, 0, 0, 0, 0, 0, 0, 0, 0, 0, 0, 0]\noutput: [0, 0, 0, 3, 0, 0, 0, 9, 9, 9, 0, 0, 0, 8, 8, 0, 8, 8, 0, 0, 3, 0, 0, 0, 0, 0, 0, 0, 0, 0, 0, 0, 0]\n\nExample_2:\ninput: [0, 6, 6, 0, 0, 6, 0, 6, 6, 6, 0, 6, 0, 0, 6, 0, 0, 0, 0, 0, 0, 0, 0, 0, 0, 0, 0, 0, 0, 0, 0, 0, 0]\noutput: [0, 8, 8, 0, 0, 3, 0, 9, 9, 9, 0, 3, 0, 0, 3, 0, 0, 0, 0, 0, 0, 0, 0, 0, 0, 0, 0, 0, 0, 0, 0, 0, 0]\n\nExample_3:\ninput: [0, 0, 0, 6, 6, 6, 0, 0, 0, 6, 0, 0, 0, 6, 6, 0, 0, 0, 6, 0, 0, 0, 6, 6, 0, 0, 0, 0, 0, 0, 0, 0, 0]\noutput: [0, 0, 0, 9, 9, 9, 0, 0, 0, 3, 0, 0, 0, 8, 8, 0, 0, 0, 3, 0, 0, 0, 8, 8, 0, 0, 0, 0, 0, 0, 0, 0, 0]\n\nTest case:\ninput: [0, 6, 0, 6, 6, 0, 0, 0, 6, 6, 6, 0, 6, 6, 0, 0, 6, 6, 6, 0, 0, 0, 0, 0, 0, 0, 0, 0, 0, 0, 0, 0, 0]\n\n\n\n###########################################################\nSample Outputs:\nOutput: [0, 8, 0, 9, 9, 0, 0, 0, 8, 8, 8, 0, 8, 8, 0, 0, 8, 8, 8, 0, 0, 0, 0, 0, 0, 0, 0, 0, 0, 0, 0, 0, 0]"
        }
    ],
    "idx": 785,
    "task": "1d_recolor_cnt_40",
    "category": "1d_recolor_cnt",
    "ys": [
        "1d_recolor_cnt_40.json-Node_1(Level: 1, Phase: abstraction, Thought: , Value: 0, Parent_ID: 0, Spread: False, Children_ID: [], is_root: False, is_leaf: True)"
    ],
    "result": {
        "solution": "[0, 3, 0, 8, 8, 0, 0, 0, 9, 9, 9, 0, 8, 8, 0, 0, 9, 9, 9, 0, 0, 0, 0, 0, 0, 0, 0, 0, 0, 0, 0, 0, 0]",
        "success": 0,
        "too_long_prompt": false,
        "tries": 1,
        "success_rate": 0.288265306122449,
        "cat_success_cnt": 1,
        "cat_success_rate": 0.027777777777777776
    },
    "usage_so_far": {
        "completion_tokens": 1286719,
        "prompt_tokens": 1053157,
        "cost": null
    }
}