{
    "steps": [
        {
            "prompt_log": "Sample Prompt:\nExample_1:\ninput: [0, 4, 4, 0, 0, 0, 4, 4, 0, 0, 4, 4, 4, 0, 4, 4, 4, 0, 0, 0, 4, 4, 4, 4, 4, 0, 4, 4, 0, 4, 0, 0, 0]\noutput: [0, 4, 4, 0, 0, 0, 4, 4, 0, 0, 4, 4, 4, 0, 4, 4, 4, 0, 0, 0, 7, 7, 7, 7, 7, 0, 4, 4, 0, 4, 0, 0, 0]\n\nExample_2:\ninput: [0, 0, 4, 4, 4, 4, 4, 4, 4, 0, 0, 0, 4, 4, 4, 4, 4, 0, 0, 4, 4, 4, 4, 4, 4, 0, 0, 0, 0, 0, 0, 0, 0]\noutput: [0, 0, 7, 7, 7, 7, 7, 7, 7, 0, 0, 0, 4, 4, 4, 4, 4, 0, 0, 4, 4, 4, 4, 4, 4, 0, 0, 0, 0, 0, 0, 0, 0]\n\nExample_3:\ninput: [0, 0, 4, 0, 0, 4, 0, 0, 0, 4, 4, 4, 0, 0, 0, 4, 4, 4, 4, 0, 0, 4, 0, 0, 4, 4, 4, 4, 0, 0, 4, 0, 0]\noutput: [0, 0, 4, 0, 0, 4, 0, 0, 0, 4, 4, 4, 0, 0, 0, 7, 7, 7, 7, 0, 0, 4, 0, 0, 7, 7, 7, 7, 0, 0, 4, 0, 0]\n\nTest case:\ninput: [0, 0, 0, 4, 4, 4, 4, 0, 0, 4, 4, 0, 0, 0, 4, 0, 0, 4, 4, 4, 4, 0, 0, 4, 0, 0, 4, 4, 4, 4, 0, 0, 0]\n\n\n\n###########################################################\nSample Outputs:\noutput: [0, 0, 0, 7, 7, 7, 7, 0, 0, 7, 7, 0, 0, 0, 4, 0, 0, 7, 7, 7, 7, 0, 0, 7, 0, 0, 7, 7, 7, 7, 0, 0, 0]"
        }
    ],
    "idx": 721,
    "task": "1d_recolor_cmp_28",
    "category": "1d_recolor_cmp",
    "ys": [
        "1d_recolor_cmp_28.json-Node_1(Level: 1, Phase: abstraction, Thought: , Value: 0, Parent_ID: 0, Spread: False, Children_ID: [], is_root: False, is_leaf: True)"
    ],
    "result": {
        "solution": "[0, 0, 0, 7, 7, 7, 7, 0, 0, 4, 4, 0, 0, 0, 4, 0, 0, 7, 7, 7, 7, 0, 0, 4, 0, 0, 7, 7, 7, 7, 0, 0, 0]",
        "success": 0,
        "too_long_prompt": false,
        "tries": 1,
        "success_rate": 0.30972222222222223,
        "cat_success_cnt": 2,
        "cat_success_rate": 0.09090909090909091
    },
    "usage_so_far": {
        "completion_tokens": 1275296,
        "prompt_tokens": 1052965,
        "cost": null
    }
}