{
    "steps": [
        {
            "prompt_log": "Sample Prompt:\nExample_1:\ninput: [0, 0, 9, 9, 9, 9, 0, 0, 9, 9, 9, 0, 9, 9, 0, 0, 9, 0, 0, 0, 9, 9, 9, 9, 9, 0]\noutput: [0, 0, 3, 3, 3, 3, 0, 0, 6, 6, 6, 0, 3, 3, 0, 0, 6, 0, 0, 0, 6, 6, 6, 6, 6, 0]\n\nExample_2:\ninput: [0, 0, 0, 9, 9, 9, 0, 9, 9, 0, 0, 0, 9, 9, 9, 9, 0, 0, 9, 9, 9, 9, 9, 9, 0, 0]\noutput: [0, 0, 0, 6, 6, 6, 0, 3, 3, 0, 0, 0, 3, 3, 3, 3, 0, 0, 3, 3, 3, 3, 3, 3, 0, 0]\n\nExample_3:\ninput: [0, 0, 9, 9, 0, 9, 9, 9, 0, 9, 9, 9, 0, 9, 9, 9, 0, 9, 9, 9, 9, 9, 0, 0, 0, 0]\noutput: [0, 0, 3, 3, 0, 6, 6, 6, 0, 6, 6, 6, 0, 6, 6, 6, 0, 6, 6, 6, 6, 6, 0, 0, 0, 0]\n\nTest case:\ninput: [0, 9, 9, 9, 9, 0, 9, 0, 0, 0, 9, 9, 9, 0, 0, 0, 9, 9, 9, 0, 0, 0, 9, 9, 9, 9]\n\n\n\n###########################################################\nSample Outputs:\nOutput: [0, 4, 4, 4, 4, 0, 5, 0, 0, 0, 5, 5, 5, 0, 0, 0, 8, 8, 8, 0, 0, 0, 8, 8, 8, 8]"
        }
    ],
    "idx": 813,
    "task": "1d_recolor_oe_20",
    "category": "1d_recolor_oe",
    "ys": [
        "1d_recolor_oe_20.json-Node_1(Level: 1, Phase: abstraction, Thought: , Value: 0, Parent_ID: 0, Spread: False, Children_ID: [], is_root: False, is_leaf: True)"
    ],
    "result": {
        "solution": "[0, 3, 3, 3, 3, 0, 6, 0, 0, 0, 6, 6, 6, 0, 0, 0, 6, 6, 6, 0, 0, 0, 3, 3, 3, 3]",
        "success": 0,
        "too_long_prompt": false,
        "tries": 1,
        "success_rate": 0.28078817733990147,
        "cat_success_cnt": 2,
        "cat_success_rate": 0.14285714285714285
    },
    "usage_so_far": {
        "completion_tokens": 1291286,
        "prompt_tokens": 1053241,
        "cost": null
    }
}