{
    "steps": [
        {
            "prompt_log": "Sample Prompt:\nExample_1:\ninput: [0, 0, 5, 5, 5, 0, 0, 5, 5, 0, 0, 5, 5, 5, 5, 0, 0, 5, 5, 5, 5, 0, 5, 5, 5, 5]\noutput: [0, 0, 5, 5, 5, 0, 0, 5, 5, 0, 0, 8, 8, 8, 8, 0, 0, 8, 8, 8, 8, 0, 8, 8, 8, 8]\n\nExample_2:\ninput: [0, 0, 0, 5, 5, 5, 5, 5, 5, 5, 0, 5, 0, 0, 5, 5, 5, 5, 5, 0, 0, 0, 0, 0, 0, 0]\noutput: [0, 0, 0, 8, 8, 8, 8, 8, 8, 8, 0, 5, 0, 0, 5, 5, 5, 5, 5, 0, 0, 0, 0, 0, 0, 0]\n\nExample_3:\ninput: [0, 0, 5, 5, 5, 5, 5, 0, 5, 5, 0, 5, 5, 5, 5, 0, 0, 5, 5, 5, 5, 5, 0, 0, 5, 5]\noutput: [0, 0, 8, 8, 8, 8, 8, 0, 5, 5, 0, 5, 5, 5, 5, 0, 0, 8, 8, 8, 8, 8, 0, 0, 5, 5]\n\nTest case:\ninput: [0, 0, 0, 5, 5, 5, 0, 0, 0, 5, 5, 5, 5, 5, 0, 5, 5, 0, 0, 5, 5, 5, 5, 5, 0, 0]\n\n\n\n###########################################################\nSample Outputs:\nOutput: [0, 0, 0, 8, 8, 8, 0, 0, 0, 8, 8, 8, 8, 8, 0, 5, 5, 0, 0, 8, 8, 8, 8, 8, 0, 0]"
        }
    ],
    "idx": 742,
    "task": "1d_recolor_cmp_47",
    "category": "1d_recolor_cmp",
    "ys": [
        "1d_recolor_cmp_47.json-Node_1(Level: 1, Phase: abstraction, Thought: , Value: 0, Parent_ID: 0, Spread: False, Children_ID: [], is_root: False, is_leaf: True)"
    ],
    "result": {
        "solution": "[0, 0, 0, 5, 5, 5, 0, 0, 0, 8, 8, 8, 8, 8, 0, 5, 5, 0, 0, 8, 8, 8, 8, 8, 0, 0]",
        "success": 0,
        "too_long_prompt": false,
        "tries": 1,
        "success_rate": 0.30364372469635625,
        "cat_success_cnt": 4,
        "cat_success_rate": 0.09302325581395349
    },
    "usage_so_far": {
        "completion_tokens": 1279762,
        "prompt_tokens": 1053028,
        "cost": null
    }
}