{
    "steps": [
        {
            "prompt_log": "Sample Prompt:\nExample_1:\ninput: [0, 0, 0, 8, 8, 0, 0, 8, 8, 8, 0, 8, 0, 8, 8, 0, 0, 0, 8, 0, 0, 0, 0, 0, 0, 0, 0]\noutput: [0, 0, 0, 3, 3, 0, 0, 2, 2, 2, 0, 7, 0, 3, 3, 0, 0, 0, 7, 0, 0, 0, 0, 0, 0, 0, 0]\n\nExample_2:\ninput: [0, 0, 0, 8, 8, 0, 0, 8, 0, 8, 8, 8, 0, 0, 0, 8, 8, 0, 0, 8, 8, 0, 0, 0, 0, 0, 0]\noutput: [0, 0, 0, 3, 3, 0, 0, 7, 0, 2, 2, 2, 0, 0, 0, 3, 3, 0, 0, 3, 3, 0, 0, 0, 0, 0, 0]\n\nExample_3:\ninput: [0, 0, 0, 8, 8, 8, 0, 0, 8, 0, 0, 0, 8, 8, 0, 0, 8, 8, 0, 8, 8, 8, 0, 0, 0, 0, 0]\noutput: [0, 0, 0, 2, 2, 2, 0, 0, 7, 0, 0, 0, 3, 3, 0, 0, 3, 3, 0, 2, 2, 2, 0, 0, 0, 0, 0]\n\nTest case:\ninput: [0, 0, 8, 8, 8, 0, 0, 8, 8, 0, 0, 0, 8, 0, 8, 8, 8, 0, 0, 0, 8, 8, 0, 0, 0, 0, 0]\n\n\n\n###########################################################\nSample Outputs:\nOutput: [0, 0, 6, 4, 4, 0, 0, 5, 5, 0, 0, 0, 9, 0, 6, 6, 6, 0, 0, 0, 5, 5, 0, 0, 0, 0, 0]"
        }
    ],
    "idx": 790,
    "task": "1d_recolor_cnt_45",
    "category": "1d_recolor_cnt",
    "ys": [
        "1d_recolor_cnt_45.json-Node_1(Level: 1, Phase: abstraction, Thought: , Value: 0, Parent_ID: 0, Spread: False, Children_ID: [], is_root: False, is_leaf: True)"
    ],
    "result": {
        "solution": "[0, 0, 2, 2, 2, 0, 0, 3, 3, 0, 0, 0, 7, 0, 2, 2, 2, 0, 0, 0, 3, 3, 0, 0, 0, 0, 0]",
        "success": 0,
        "too_long_prompt": false,
        "tries": 1,
        "success_rate": 0.2864385297845374,
        "cat_success_cnt": 1,
        "cat_success_rate": 0.024390243902439025
    },
    "usage_so_far": {
        "completion_tokens": 1288503,
        "prompt_tokens": 1053172,
        "cost": null
    }
}