{
    "steps": [
        {
            "prompt_log": "Sample Prompt:\nExample_1:\ninput: [0, 0, 0, 2, 0, 2, 2, 2, 0, 0, 0, 2, 2, 2, 2, 0, 0, 2, 2, 2, 2, 0, 0, 0, 2, 0, 0, 2, 2, 0, 0, 0]\noutput: [0, 0, 0, 2, 0, 2, 2, 2, 0, 0, 0, 3, 3, 3, 3, 0, 0, 3, 3, 3, 3, 0, 0, 0, 2, 0, 0, 2, 2, 0, 0, 0]\n\nExample_2:\ninput: [0, 0, 2, 2, 0, 2, 0, 2, 2, 2, 0, 0, 0, 2, 2, 0, 0, 0, 2, 2, 2, 2, 2, 2, 2, 0, 0, 0, 2, 2, 0, 0]\noutput: [0, 0, 2, 2, 0, 2, 0, 2, 2, 2, 0, 0, 0, 2, 2, 0, 0, 0, 3, 3, 3, 3, 3, 3, 3, 0, 0, 0, 2, 2, 0, 0]\n\nExample_3:\ninput: [0, 2, 2, 2, 2, 2, 0, 2, 2, 2, 2, 2, 0, 0, 0, 2, 2, 2, 2, 2, 0, 0, 0, 2, 2, 0, 0, 0, 2, 2, 2, 0]\noutput: [0, 3, 3, 3, 3, 3, 0, 3, 3, 3, 3, 3, 0, 0, 0, 3, 3, 3, 3, 3, 0, 0, 0, 2, 2, 0, 0, 0, 2, 2, 2, 0]\n\nTest case:\ninput: [0, 0, 0, 2, 2, 2, 2, 0, 2, 0, 0, 0, 2, 2, 2, 2, 0, 0, 0, 2, 2, 0, 2, 2, 2, 0, 0, 0, 2, 0, 0, 0]\n\n\n\n###########################################################\nSample Outputs:\nOutput: [0, 0, 0, 4, 4, 4, 4, 0, 5, 0, 0, 0, 6, 6, 6, 6, 0, 0, 0, 7, 7, 0, 8, 8, 8, 0, 0, 0, 9, 0, 0, 0]"
        }
    ],
    "idx": 730,
    "task": "1d_recolor_cmp_36",
    "category": "1d_recolor_cmp",
    "ys": [
        "1d_recolor_cmp_36.json-Node_1(Level: 1, Phase: abstraction, Thought: , Value: 0, Parent_ID: 0, Spread: False, Children_ID: [], is_root: False, is_leaf: True)"
    ],
    "result": {
        "solution": "[0, 0, 0, 3, 3, 3, 3, 0, 2, 0, 0, 0, 3, 3, 3, 3, 0, 0, 0, 2, 2, 0, 2, 2, 2, 0, 0, 0, 2, 0, 0, 0]",
        "success": 0,
        "too_long_prompt": false,
        "tries": 1,
        "success_rate": 0.3058984910836763,
        "cat_success_cnt": 2,
        "cat_success_rate": 0.06451612903225806
    },
    "usage_so_far": {
        "completion_tokens": 1277212,
        "prompt_tokens": 1052992,
        "cost": null
    }
}