{
    "steps": [
        {
            "prompt_log": "Sample Prompt:\nExample_1:\ninput: [0, 0, 8, 0, 0, 8, 8, 8, 8, 0, 8, 8, 8, 8, 8, 8, 8, 0, 8, 8, 8, 8, 8, 8, 8, 0, 0, 0]\noutput: [0, 0, 8, 0, 0, 8, 8, 8, 8, 0, 7, 7, 7, 7, 7, 7, 7, 0, 7, 7, 7, 7, 7, 7, 7, 0, 0, 0]\n\nExample_2:\ninput: [0, 8, 8, 8, 0, 0, 0, 8, 8, 0, 0, 8, 0, 0, 8, 8, 8, 8, 0, 8, 0, 0, 0, 8, 0, 8, 8, 0]\noutput: [0, 8, 8, 8, 0, 0, 0, 8, 8, 0, 0, 8, 0, 0, 7, 7, 7, 7, 0, 8, 0, 0, 0, 8, 0, 8, 8, 0]\n\nExample_3:\ninput: [0, 0, 0, 8, 0, 0, 8, 8, 0, 0, 0, 8, 8, 8, 8, 8, 0, 8, 8, 0, 0, 8, 8, 0, 0, 0, 0, 0]\noutput: [0, 0, 0, 8, 0, 0, 8, 8, 0, 0, 0, 7, 7, 7, 7, 7, 0, 8, 8, 0, 0, 8, 8, 0, 0, 0, 0, 0]\n\nTest case:\ninput: [0, 0, 8, 0, 0, 0, 8, 8, 8, 0, 0, 8, 0, 8, 8, 0, 8, 8, 8, 8, 0, 8, 8, 8, 8, 0, 0, 0]\n\n\n\n###########################################################\nSample Outputs:\nOutput: [0, 0, 8, 0, 0, 0, 8, 8, 8, 0, 0, 8, 0, 7, 7, 0, 8, 8, 8, 8, 0, 8, 8, 8, 8, 0, 0, 0]"
        }
    ],
    "idx": 716,
    "task": "1d_recolor_cmp_23",
    "category": "1d_recolor_cmp",
    "ys": [
        "1d_recolor_cmp_23.json-Node_1(Level: 1, Phase: abstraction, Thought: , Value: 0, Parent_ID: 0, Spread: False, Children_ID: [], is_root: False, is_leaf: True)"
    ],
    "result": {
        "solution": "[0, 0, 8, 0, 0, 0, 8, 8, 8, 0, 0, 8, 0, 8, 8, 0, 7, 7, 7, 7, 0, 7, 7, 7, 7, 0, 0, 0]",
        "success": 0,
        "too_long_prompt": false,
        "tries": 1,
        "success_rate": 0.3118881118881119,
        "cat_success_cnt": 2,
        "cat_success_rate": 0.11764705882352941
    },
    "usage_so_far": {
        "completion_tokens": 1274108,
        "prompt_tokens": 1052950,
        "cost": null
    }
}