{
    "steps": [
        {
            "prompt_log": "Sample Prompt:\nExample_1:\ninput: [0, 9, 9, 0, 9, 9, 9, 9, 0, 0, 9, 9, 9, 9, 0, 0, 0, 9, 9, 9, 9, 0, 9, 9, 0, 9, 0, 0, 0, 9, 9, 9]\noutput: [0, 9, 9, 0, 8, 8, 8, 8, 0, 0, 8, 8, 8, 8, 0, 0, 0, 8, 8, 8, 8, 0, 9, 9, 0, 9, 0, 0, 0, 9, 9, 9]\n\nExample_2:\ninput: [0, 0, 9, 9, 9, 9, 9, 9, 0, 0, 9, 9, 9, 9, 9, 9, 9, 0, 0, 9, 9, 0, 9, 9, 9, 9, 9, 9, 9, 0, 0, 0]\noutput: [0, 0, 9, 9, 9, 9, 9, 9, 0, 0, 8, 8, 8, 8, 8, 8, 8, 0, 0, 9, 9, 0, 8, 8, 8, 8, 8, 8, 8, 0, 0, 0]\n\nExample_3:\ninput: [0, 0, 0, 9, 9, 0, 0, 9, 9, 9, 9, 9, 0, 0, 9, 0, 0, 0, 9, 9, 9, 9, 9, 0, 0, 9, 9, 9, 9, 9, 0, 0]\noutput: [0, 0, 0, 9, 9, 0, 0, 8, 8, 8, 8, 8, 0, 0, 9, 0, 0, 0, 8, 8, 8, 8, 8, 0, 0, 8, 8, 8, 8, 8, 0, 0]\n\nTest case:\ninput: [0, 0, 9, 9, 0, 0, 9, 9, 9, 9, 9, 0, 9, 9, 9, 9, 9, 0, 0, 0, 9, 9, 9, 9, 0, 0, 9, 9, 9, 9, 9, 9]\n\n\n\n###########################################################\nSample Outputs:\nOutput: [0, 0, 9, 9, 0, 0, 8, 8, 8, 8, 8, 0, 8, 8, 8, 8, 8, 0, 0, 0, 8, 8, 8, 8, 0, 0, 8, 8, 8, 8, 8, 8]"
        }
    ],
    "idx": 732,
    "task": "1d_recolor_cmp_38",
    "category": "1d_recolor_cmp",
    "ys": [
        "1d_recolor_cmp_38.json-Node_1(Level: 1, Phase: abstraction, Thought: , Value: 0, Parent_ID: 0, Spread: False, Children_ID: [], is_root: False, is_leaf: True)"
    ],
    "result": {
        "solution": "[0, 0, 9, 9, 0, 0, 9, 9, 9, 9, 9, 0, 9, 9, 9, 9, 9, 0, 0, 0, 9, 9, 9, 9, 0, 0, 8, 8, 8, 8, 8, 8]",
        "success": 0,
        "too_long_prompt": false,
        "tries": 1,
        "success_rate": 0.30506155950752395,
        "cat_success_cnt": 2,
        "cat_success_rate": 0.06060606060606061
    },
    "usage_so_far": {
        "completion_tokens": 1278114,
        "prompt_tokens": 1052998,
        "cost": null
    }
}