{
    "steps": [
        {
            "prompt_log": "Sample Prompt:\nExample_1:\ninput: [0, 4, 4, 4, 4, 4, 4, 0, 0, 4, 4, 4, 0, 0, 0, 4, 4, 4, 4, 0, 4, 0, 0, 0, 0]\noutput: [0, 5, 5, 5, 5, 5, 5, 0, 0, 3, 3, 3, 0, 0, 0, 5, 5, 5, 5, 0, 3, 0, 0, 0, 0]\n\nExample_2:\ninput: [0, 4, 4, 4, 4, 4, 4, 0, 0, 0, 4, 4, 4, 4, 4, 0, 0, 0, 4, 4, 4, 4, 4, 0, 0]\noutput: [0, 5, 5, 5, 5, 5, 5, 0, 0, 0, 3, 3, 3, 3, 3, 0, 0, 0, 3, 3, 3, 3, 3, 0, 0]\n\nExample_3:\ninput: [0, 0, 4, 4, 0, 0, 0, 4, 4, 4, 4, 4, 0, 0, 4, 4, 4, 0, 0, 0, 4, 0, 0, 4, 0]\noutput: [0, 0, 5, 5, 0, 0, 0, 3, 3, 3, 3, 3, 0, 0, 3, 3, 3, 0, 0, 0, 3, 0, 0, 3, 0]\n\nTest case:\ninput: [0, 0, 4, 4, 4, 0, 0, 0, 4, 4, 0, 0, 0, 4, 4, 4, 0, 4, 0, 0, 4, 4, 4, 4, 4]\n\n\n\n###########################################################\nSample Outputs:\nOutput: [0, 0, 5, 5, 5, 0, 0, 0, 3, 3, 0, 0, 0, 3, 3, 3, 0, 3, 0, 0, 3, 3, 3, 3, 3]"
        }
    ],
    "idx": 843,
    "task": "1d_recolor_oe_48",
    "category": "1d_recolor_oe",
    "ys": [
        "1d_recolor_oe_48.json-Node_1(Level: 1, Phase: abstraction, Thought: , Value: 0, Parent_ID: 0, Spread: False, Children_ID: [], is_root: False, is_leaf: True)"
    ],
    "result": {
        "solution": "[0, 0, 3, 3, 3, 0, 0, 0, 5, 5, 0, 0, 0, 3, 3, 3, 0, 3, 0, 0, 3, 3, 3, 3, 3]",
        "success": 0,
        "too_long_prompt": false,
        "tries": 1,
        "success_rate": 0.27197149643705465,
        "cat_success_cnt": 3,
        "cat_success_rate": 0.06818181818181818
    },
    "usage_so_far": {
        "completion_tokens": 1298028,
        "prompt_tokens": 1053331,
        "cost": null
    }
}