{
    "steps": [
        {
            "prompt_log": "Sample Prompt:\nExample_1:\ninput: [0, 0, 0, 6, 6, 0, 6, 0, 6, 6, 6, 0, 0, 0, 6, 6, 0, 0, 6, 6, 0, 0, 0, 0, 0, 0, 0, 0, 0, 0, 0]\noutput: [0, 0, 0, 1, 1, 0, 3, 0, 4, 4, 4, 0, 0, 0, 1, 1, 0, 0, 1, 1, 0, 0, 0, 0, 0, 0, 0, 0, 0, 0, 0]\n\nExample_2:\ninput: [0, 0, 0, 6, 0, 0, 0, 6, 6, 0, 0, 0, 6, 6, 6, 0, 0, 6, 6, 0, 0, 6, 0, 0, 0, 0, 0, 0, 0, 0, 0]\noutput: [0, 0, 0, 3, 0, 0, 0, 1, 1, 0, 0, 0, 4, 4, 4, 0, 0, 1, 1, 0, 0, 3, 0, 0, 0, 0, 0, 0, 0, 0, 0]\n\nExample_3:\ninput: [0, 0, 0, 6, 0, 0, 0, 6, 6, 6, 0, 0, 6, 6, 0, 0, 0, 6, 6, 0, 6, 0, 0, 0, 0, 0, 0, 0, 0, 0, 0]\noutput: [0, 0, 0, 3, 0, 0, 0, 4, 4, 4, 0, 0, 1, 1, 0, 0, 0, 1, 1, 0, 3, 0, 0, 0, 0, 0, 0, 0, 0, 0, 0]\n\nTest case:\ninput: [0, 6, 6, 6, 0, 6, 6, 0, 0, 0, 6, 0, 0, 0, 6, 0, 0, 6, 6, 0, 0, 0, 0, 0, 0, 0, 0, 0, 0, 0, 0]\n\n\n\n###########################################################\nSample Outputs:\nOutput: [0, 5, 5, 5, 0, 1, 1, 0, 0, 0, 4, 0, 0, 0, 1, 0, 0, 1, 1, 0, 0, 0, 0, 0, 0, 0, 0, 0, 0, 0, 0]"
        }
    ],
    "idx": 791,
    "task": "1d_recolor_cnt_46",
    "category": "1d_recolor_cnt",
    "ys": [
        "1d_recolor_cnt_46.json-Node_1(Level: 1, Phase: abstraction, Thought: , Value: 0, Parent_ID: 0, Spread: False, Children_ID: [], is_root: False, is_leaf: True)"
    ],
    "result": {
        "solution": "[0, 4, 4, 4, 0, 1, 1, 0, 0, 0, 3, 0, 0, 0, 3, 0, 0, 1, 1, 0, 0, 0, 0, 0, 0, 0, 0, 0, 0, 0, 0]",
        "success": 0,
        "too_long_prompt": false,
        "tries": 1,
        "success_rate": 0.28607594936708863,
        "cat_success_cnt": 1,
        "cat_success_rate": 0.023809523809523808
    },
    "usage_so_far": {
        "completion_tokens": 1288598,
        "prompt_tokens": 1053175,
        "cost": null
    }
}