{
    "steps": [
        {
            "prompt_log": "Sample Prompt:\nExample_1:\ninput: [0, 0, 0, 7, 7, 7, 0, 0, 7, 7, 0, 0, 0, 7, 7, 7, 7, 7, 7, 0, 0, 0, 7, 7, 7, 0]\noutput: [0, 0, 0, 6, 6, 6, 0, 0, 8, 8, 0, 0, 0, 8, 8, 8, 8, 8, 8, 0, 0, 0, 6, 6, 6, 0]\n\nExample_2:\ninput: [0, 0, 7, 7, 7, 7, 7, 0, 0, 7, 7, 7, 7, 7, 7, 0, 0, 7, 7, 7, 0, 7, 0, 0, 0, 0]\noutput: [0, 0, 6, 6, 6, 6, 6, 0, 0, 8, 8, 8, 8, 8, 8, 0, 0, 6, 6, 6, 0, 6, 0, 0, 0, 0]\n\nExample_3:\ninput: [0, 7, 7, 7, 7, 7, 0, 0, 0, 7, 7, 7, 7, 7, 7, 0, 0, 0, 7, 7, 7, 7, 0, 0, 7, 0]\noutput: [0, 6, 6, 6, 6, 6, 0, 0, 0, 8, 8, 8, 8, 8, 8, 0, 0, 0, 8, 8, 8, 8, 0, 0, 6, 0]\n\nTest case:\ninput: [0, 7, 7, 7, 7, 7, 0, 7, 7, 7, 7, 0, 0, 7, 7, 7, 0, 0, 7, 7, 7, 7, 7, 0, 0, 0]\n\n\n\n###########################################################\nSample Outputs:\nOutput: [0, 6, 6, 6, 6, 6, 0, 8, 8, 8, 8, 0, 0, 8, 8, 8, 0, 0, 8, 8, 8, 8, 8, 0, 0, 0]"
        }
    ],
    "idx": 810,
    "task": "1d_recolor_oe_18",
    "category": "1d_recolor_oe",
    "ys": [
        "1d_recolor_oe_18.json-Node_1(Level: 1, Phase: abstraction, Thought: , Value: 0, Parent_ID: 0, Spread: False, Children_ID: [], is_root: False, is_leaf: True)"
    ],
    "result": {
        "solution": "[0, 6, 6, 6, 6, 6, 0, 8, 8, 8, 8, 0, 0, 6, 6, 6, 0, 0, 6, 6, 6, 6, 6, 0, 0, 0]",
        "success": 0,
        "too_long_prompt": false,
        "tries": 1,
        "success_rate": 0.28059332509270707,
        "cat_success_cnt": 1,
        "cat_success_rate": 0.09090909090909091
    },
    "usage_so_far": {
        "completion_tokens": 1291061,
        "prompt_tokens": 1053232,
        "cost": null
    }
}