{
    "steps": [
        {
            "prompt_log": "Sample Prompt:\nExample_1:\ninput: [0, 0, 9, 9, 0, 9, 9, 9, 9, 0, 0, 0, 9, 9, 9, 9, 0, 0, 0, 9, 9, 9, 0, 0, 0, 9, 9, 9, 0, 0, 0, 0]\noutput: [0, 0, 9, 9, 0, 4, 4, 4, 4, 0, 0, 0, 4, 4, 4, 4, 0, 0, 0, 9, 9, 9, 0, 0, 0, 9, 9, 9, 0, 0, 0, 0]\n\nExample_2:\ninput: [0, 0, 9, 9, 0, 0, 9, 9, 9, 9, 9, 0, 0, 0, 9, 9, 9, 0, 0, 0, 9, 9, 9, 9, 0, 9, 9, 9, 0, 0, 0, 0]\noutput: [0, 0, 9, 9, 0, 0, 4, 4, 4, 4, 4, 0, 0, 0, 9, 9, 9, 0, 0, 0, 9, 9, 9, 9, 0, 9, 9, 9, 0, 0, 0, 0]\n\nExample_3:\ninput: [0, 0, 9, 9, 9, 9, 0, 0, 0, 9, 9, 9, 9, 9, 0, 0, 0, 9, 9, 9, 9, 9, 9, 9, 0, 0, 0, 0, 0, 0, 0, 0]\noutput: [0, 0, 9, 9, 9, 9, 0, 0, 0, 9, 9, 9, 9, 9, 0, 0, 0, 4, 4, 4, 4, 4, 4, 4, 0, 0, 0, 0, 0, 0, 0, 0]\n\nTest case:\ninput: [0, 9, 9, 9, 9, 9, 9, 0, 0, 0, 9, 0, 0, 0, 9, 9, 9, 0, 0, 9, 9, 9, 9, 0, 0, 0, 9, 9, 9, 9, 0, 0]\n\n\n\n###########################################################\nSample Outputs:\nOutput: [0, 4, 4, 4, 4, 4, 4, 0, 0, 0, 4, 0, 0, 0, 4, 4, 4, 0, 0, 4, 4, 4, 4, 0, 0, 0, 4, 4, 4, 4, 0, 0]"
        }
    ],
    "idx": 735,
    "task": "1d_recolor_cmp_40",
    "category": "1d_recolor_cmp",
    "ys": [
        "1d_recolor_cmp_40.json-Node_1(Level: 1, Phase: abstraction, Thought: , Value: 0, Parent_ID: 0, Spread: False, Children_ID: [], is_root: False, is_leaf: True)"
    ],
    "result": {
        "solution": "[0, 4, 4, 4, 4, 4, 4, 0, 0, 0, 9, 0, 0, 0, 9, 9, 9, 0, 0, 9, 9, 9, 9, 0, 0, 0, 9, 9, 9, 9, 0, 0]",
        "success": 0,
        "too_long_prompt": false,
        "tries": 1,
        "success_rate": 0.30381471389645776,
        "cat_success_cnt": 2,
        "cat_success_rate": 0.05555555555555555
    },
    "usage_so_far": {
        "completion_tokens": 1279217,
        "prompt_tokens": 1053007,
        "cost": null
    }
}