{
    "steps": [
        {
            "prompt_log": "Sample Prompt:\n#####\nuser:\n#####\n\nExample_1:\ninput: [0, 0, 1, 1, 1, 1, 1, 1, 1, 1, 1, 1, 8, 1, 2, 1, 1, 1, 1, 1, 1, 1, 1, 1, 1, 1, 1, 0, 0, 0, 0, 0]\noutput: [0, 0, 1, 1, 1, 1, 1, 1, 1, 1, 1, 1, 1, 1, 1, 1, 1, 1, 1, 1, 1, 1, 1, 1, 1, 1, 1, 0, 0, 0, 0, 0]\n\nExample_2:\ninput: [0, 0, 0, 6, 6, 6, 6, 6, 6, 9, 6, 6, 6, 6, 6, 6, 6, 9, 6, 6, 6, 6, 6, 0, 0, 0, 0, 0, 0, 0, 0, 0]\noutput: [0, 0, 0, 6, 6, 6, 6, 6, 6, 6, 6, 6, 6, 6, 6, 6, 6, 6, 6, 6, 6, 6, 6, 0, 0, 0, 0, 0, 0, 0, 0, 0]\n\nExample_3:\ninput: [0, 0, 4, 4, 4, 4, 4, 4, 4, 4, 4, 7, 4, 4, 4, 4, 8, 4, 4, 4, 3, 4, 4, 4, 0, 0, 0, 0, 0, 0, 0, 0]\noutput: [0, 0, 4, 4, 4, 4, 4, 4, 4, 4, 4, 4, 4, 4, 4, 4, 4, 4, 4, 4, 4, 4, 4, 4, 0, 0, 0, 0, 0, 0, 0, 0]\n\nTest case:\ninput: [1, 1, 1, 1, 1, 1, 1, 4, 1, 1, 1, 1, 1, 1, 1, 1, 1, 1, 1, 1, 1, 1, 1, 0, 0, 0, 0, 0, 0, 0, 0, 0]\n\n\nGive no explanation. \n###########################################################\nSample Outputs:\noutput: [1, 1, 1, 1, 1, 1, 1, 1, 1, 1, 1, 1, 1, 1, 1, 1, 1, 1, 1, 1, 1, 1, 1, 0, 0, 0, 0, 0, 0, 0, 0, 0]"
        }
    ],
    "idx": 62,
    "task": "1d_denoising_mc_2",
    "category": "1d_denoising_mc",
    "ys": [
        "Node_1(Level: 1, Phase: abstraction, Thought: , Value: 0, Parent_ID: 0, Spread: False, Children_ID: [], is_root: False, is_leaf: True)"
    ],
    "result": {
        "solution": "[1, 1, 1, 1, 1, 1, 1, 1, 1, 1, 1, 1, 1, 1, 1, 1, 1, 1, 1, 1, 1, 1, 1, 0, 0, 0, 0, 0, 0, 0, 0, 0]\n",
        "success": 1,
        "tries": 1,
        "success_rate": 0.5714285714285714,
        "cat_success_cnt": 12,
        "cat_success_rate": 0.9230769230769231
    },
    "usage_so_far": {
        "completion_tokens": 6258,
        "prompt_tokens": 45486,
        "cost": 0.6426
    }
}