{
    "steps": [
        {
            "prompt_log": "Sample Prompt:\n#####\nuser:\n#####\n\nExample_1:\ninput: [0, 0, 0, 6, 6, 6, 6, 6, 6, 6, 6, 6, 6, 6, 6, 6, 6, 6, 6, 6, 4, 6, 6, 6, 6, 6, 6, 6, 0, 0, 0, 0, 0]\noutput: [0, 0, 0, 6, 6, 6, 6, 6, 6, 6, 6, 6, 6, 6, 6, 6, 6, 6, 6, 6, 6, 6, 6, 6, 6, 6, 6, 6, 0, 0, 0, 0, 0]\n\nExample_2:\ninput: [0, 0, 0, 0, 0, 0, 0, 0, 0, 9, 9, 9, 9, 4, 7, 9, 9, 9, 9, 9, 8, 9, 9, 9, 9, 9, 9, 9, 9, 9, 0, 0, 0]\noutput: [0, 0, 0, 0, 0, 0, 0, 0, 0, 9, 9, 9, 9, 9, 9, 9, 9, 9, 9, 9, 9, 9, 9, 9, 9, 9, 9, 9, 9, 9, 0, 0, 0]\n\nExample_3:\ninput: [1, 1, 1, 1, 1, 9, 1, 1, 1, 3, 1, 1, 1, 1, 4, 1, 1, 1, 1, 1, 1, 1, 0, 0, 0, 0, 0, 0, 0, 0, 0, 0, 0]\noutput: [1, 1, 1, 1, 1, 1, 1, 1, 1, 1, 1, 1, 1, 1, 1, 1, 1, 1, 1, 1, 1, 1, 0, 0, 0, 0, 0, 0, 0, 0, 0, 0, 0]\n\nTest case:\ninput: [0, 0, 9, 9, 9, 9, 9, 9, 9, 9, 9, 9, 7, 9, 9, 1, 9, 3, 9, 2, 9, 9, 9, 9, 9, 9, 0, 0, 0, 0, 0, 0, 0]\n\n\nGive no explanation. \n###########################################################\nSample Outputs:\noutput: [0, 0, 9, 9, 9, 9, 9, 9, 9, 9, 9, 9, 9, 9, 9, 9, 9, 9, 9, 9, 9, 9, 9, 9, 9, 9, 0, 0, 0, 0, 0, 0, 0]"
        }
    ],
    "idx": 72,
    "task": "1d_denoising_mc_29",
    "category": "1d_denoising_mc",
    "ys": [
        "Node_1(Level: 1, Phase: abstraction, Thought: , Value: 0, Parent_ID: 0, Spread: False, Children_ID: [], is_root: False, is_leaf: True)"
    ],
    "result": {
        "solution": "[0, 0, 9, 9, 9, 9, 9, 9, 9, 9, 9, 9, 9, 9, 9, 9, 9, 9, 9, 9, 9, 9, 9, 9, 9, 9, 0, 0, 0, 0, 0, 0, 0]\n",
        "success": 1,
        "tries": 1,
        "success_rate": 0.6301369863013698,
        "cat_success_cnt": 22,
        "cat_success_rate": 0.9565217391304348
    },
    "usage_so_far": {
        "completion_tokens": 7253,
        "prompt_tokens": 52721,
        "cost": 0.7447999999999999
    }
}