{
    "steps": [
        {
            "prompt_log": "Sample Prompt:\n#####\nuser:\n#####\n\nExample_1:\ninput: [8, 8, 8, 8, 3, 8, 8, 8, 8, 8, 3, 8, 8, 8, 8, 8, 8, 8, 8, 8, 8, 6, 8, 8, 8, 8, 0, 0, 0, 0, 0, 0, 0]\noutput: [8, 8, 8, 8, 8, 8, 8, 8, 8, 8, 8, 8, 8, 8, 8, 8, 8, 8, 8, 8, 8, 8, 8, 8, 8, 8, 0, 0, 0, 0, 0, 0, 0]\n\nExample_2:\ninput: [0, 0, 0, 0, 0, 9, 9, 9, 9, 9, 7, 9, 9, 9, 9, 9, 9, 9, 9, 9, 9, 5, 9, 9, 9, 9, 7, 9, 9, 9, 0, 0, 0]\noutput: [0, 0, 0, 0, 0, 9, 9, 9, 9, 9, 9, 9, 9, 9, 9, 9, 9, 9, 9, 9, 9, 9, 9, 9, 9, 9, 9, 9, 9, 9, 0, 0, 0]\n\nExample_3:\ninput: [9, 9, 9, 9, 9, 9, 9, 9, 9, 9, 9, 9, 9, 9, 9, 4, 7, 9, 9, 9, 9, 9, 9, 9, 9, 9, 0, 0, 0, 0, 0, 0, 0]\noutput: [9, 9, 9, 9, 9, 9, 9, 9, 9, 9, 9, 9, 9, 9, 9, 9, 9, 9, 9, 9, 9, 9, 9, 9, 9, 9, 0, 0, 0, 0, 0, 0, 0]\n\nTest case:\ninput: [0, 0, 0, 0, 0, 0, 0, 7, 7, 7, 7, 7, 7, 7, 7, 7, 7, 7, 7, 8, 5, 7, 7, 7, 3, 7, 7, 7, 7, 7, 0, 0, 0]\n\n\nGive no explanation. \n###########################################################\nSample Outputs:\noutput: [0, 0, 0, 0, 0, 0, 0, 7, 7, 7, 7, 7, 7, 7, 7, 7, 7, 7, 7, 7, 7, 7, 7, 7, 7, 7, 7, 7, 7, 7, 0, 0, 0]"
        }
    ],
    "idx": 76,
    "task": "1d_denoising_mc_32",
    "category": "1d_denoising_mc",
    "ys": [
        "Node_1(Level: 1, Phase: abstraction, Thought: , Value: 0, Parent_ID: 0, Spread: False, Children_ID: [], is_root: False, is_leaf: True)"
    ],
    "result": {
        "solution": "[0, 0, 0, 0, 0, 0, 0, 7, 7, 7, 7, 7, 7, 7, 7, 7, 7, 7, 7, 7, 7, 7, 7, 7, 7, 7, 7, 7, 7, 7, 0, 0, 0]\n",
        "success": 1,
        "tries": 1,
        "success_rate": 0.6493506493506493,
        "cat_success_cnt": 26,
        "cat_success_rate": 0.9629629629629629
    },
    "usage_so_far": {
        "completion_tokens": 7651,
        "prompt_tokens": 55615,
        "cost": 0.78568
    }
}