{
    "steps": [
        {
            "prompt_log": "Sample Prompt:\n#####\nuser:\n#####\n\nExample_1:\ninput: [0, 0, 0, 2, 2, 2, 2, 7, 2, 2, 2, 2, 2, 2, 6, 2, 2, 2, 2, 2, 2, 2, 2, 2, 2, 4, 2, 2, 0, 0, 0, 0]\noutput: [0, 0, 0, 2, 2, 2, 2, 2, 2, 2, 2, 2, 2, 2, 2, 2, 2, 2, 2, 2, 2, 2, 2, 2, 2, 2, 2, 2, 0, 0, 0, 0]\n\nExample_2:\ninput: [0, 0, 0, 0, 0, 9, 9, 9, 9, 9, 9, 9, 9, 2, 3, 9, 9, 9, 9, 9, 9, 9, 9, 9, 9, 9, 0, 0, 0, 0, 0, 0]\noutput: [0, 0, 0, 0, 0, 9, 9, 9, 9, 9, 9, 9, 9, 9, 9, 9, 9, 9, 9, 9, 9, 9, 9, 9, 9, 9, 0, 0, 0, 0, 0, 0]\n\nExample_3:\ninput: [6, 6, 6, 6, 3, 6, 6, 6, 6, 6, 6, 2, 6, 6, 6, 6, 6, 6, 6, 9, 6, 6, 6, 0, 0, 0, 0, 0, 0, 0, 0, 0]\noutput: [6, 6, 6, 6, 6, 6, 6, 6, 6, 6, 6, 6, 6, 6, 6, 6, 6, 6, 6, 6, 6, 6, 6, 0, 0, 0, 0, 0, 0, 0, 0, 0]\n\nTest case:\ninput: [0, 0, 0, 0, 0, 8, 8, 8, 8, 6, 8, 2, 8, 8, 8, 8, 8, 8, 8, 8, 8, 9, 8, 8, 8, 7, 8, 8, 0, 0, 0, 0]\n\n\nGive no explanation. \n###########################################################\nSample Outputs:\noutput: [0, 0, 0, 0, 0, 8, 8, 8, 8, 8, 8, 8, 8, 8, 8, 8, 8, 8, 8, 8, 8, 8, 8, 8, 8, 8, 8, 8, 0, 0, 0, 0]"
        }
    ],
    "idx": 92,
    "task": "1d_denoising_mc_47",
    "category": "1d_denoising_mc",
    "ys": [
        "Node_1(Level: 1, Phase: abstraction, Thought: , Value: 0, Parent_ID: 0, Spread: False, Children_ID: [], is_root: False, is_leaf: True)"
    ],
    "result": {
        "solution": "[0, 0, 0, 0, 0, 8, 8, 8, 8, 8, 8, 8, 8, 8, 8, 8, 8, 8, 8, 8, 8, 8, 8, 8, 8, 8, 8, 8, 0, 0, 0, 0]\n",
        "success": 1,
        "tries": 1,
        "success_rate": 0.7096774193548387,
        "cat_success_cnt": 42,
        "cat_success_rate": 0.9767441860465116
    },
    "usage_so_far": {
        "completion_tokens": 9234,
        "prompt_tokens": 67128,
        "cost": 0.9482999999999999
    }
}