{
    "steps": [
        {
            "prompt_log": "Sample Prompt:\n#####\nuser:\n#####\n\nExample_1:\ninput: [0, 0, 7, 0, 0, 7, 0, 0, 0, 0, 7, 0, 0, 7, 7, 7, 7, 7, 7, 7, 7, 7, 7, 7, 7, 7, 7, 7, 0, 0, 7, 0, 0]\noutput: [0, 0, 0, 0, 0, 0, 0, 0, 0, 0, 0, 0, 0, 7, 7, 7, 7, 7, 7, 7, 7, 7, 7, 7, 7, 7, 7, 7, 0, 0, 0, 0, 0]\n\nExample_2:\ninput: [0, 0, 0, 0, 3, 3, 3, 3, 3, 3, 3, 3, 3, 3, 3, 0, 0, 0, 3, 0, 0, 0, 0, 0, 0, 0, 0, 0, 0, 0, 0, 0, 0]\noutput: [0, 0, 0, 0, 3, 3, 3, 3, 3, 3, 3, 3, 3, 3, 3, 0, 0, 0, 0, 0, 0, 0, 0, 0, 0, 0, 0, 0, 0, 0, 0, 0, 0]\n\nExample_3:\ninput: [0, 0, 5, 0, 0, 0, 0, 5, 0, 0, 0, 0, 5, 0, 5, 5, 5, 5, 5, 5, 5, 5, 5, 5, 5, 5, 5, 5, 0, 0, 0, 5, 0]\noutput: [0, 0, 0, 0, 0, 0, 0, 0, 0, 0, 0, 0, 0, 0, 5, 5, 5, 5, 5, 5, 5, 5, 5, 5, 5, 5, 5, 5, 0, 0, 0, 0, 0]\n\nTest case:\ninput: [0, 0, 0, 5, 5, 5, 5, 5, 5, 5, 5, 5, 5, 5, 5, 5, 0, 0, 5, 0, 0, 0, 0, 5, 0, 0, 0, 0, 5, 0, 0, 0, 0]\n\n\nGive no explanation. \n###########################################################\nSample Outputs:\noutput: [0, 0, 0, 0, 0, 0, 0, 0, 0, 0, 0, 0, 0, 0, 0, 0, 0, 0, 0, 0, 0, 0, 0, 0, 0, 0, 0, 0, 0, 0, 0, 0, 0]"
        }
    ],
    "idx": 23,
    "task": "1d_denoising_1c_3",
    "category": "1d_denoising_1c",
    "ys": [
        "Node_1(Level: 1, Phase: abstraction, Thought: , Value: 0, Parent_ID: 0, Spread: False, Children_ID: [], is_root: False, is_leaf: True)"
    ],
    "result": {
        "solution": "[0, 0, 0, 5, 5, 5, 5, 5, 5, 5, 5, 5, 5, 5, 5, 5, 0, 0, 0, 0, 0, 0, 0, 0, 0, 0, 0, 0, 0, 0, 0, 0, 0]\n",
        "success": 0,
        "tries": 1,
        "success_rate": 0.4166666666666667,
        "cat_success_cnt": 10,
        "cat_success_rate": 0.4166666666666667
    },
    "usage_so_far": {
        "completion_tokens": 2382,
        "prompt_tokens": 17322,
        "cost": 0.24467999999999998
    }
}