{
    "steps": [
        {
            "prompt_log": "Sample Prompt:\n#####\nuser:\n#####\n\nExample_1:\ninput: [0, 0, 0, 0, 0, 0, 5, 5, 5, 5, 5, 5, 5, 0, 0, 9, 0, 0, 0, 0, 0, 0, 0, 0, 0, 0]\noutput: [0, 0, 0, 0, 0, 0, 0, 0, 0, 0, 0, 0, 0, 0, 0, 9, 0, 0, 5, 5, 5, 5, 5, 5, 5, 0]\n\nExample_2:\ninput: [0, 0, 0, 0, 5, 5, 5, 5, 5, 5, 5, 0, 0, 9, 0, 0, 0, 0, 0, 0, 0, 0, 0, 0, 0, 0]\noutput: [0, 0, 0, 0, 0, 0, 0, 0, 0, 0, 0, 0, 0, 9, 0, 0, 5, 5, 5, 5, 5, 5, 5, 0, 0, 0]\n\nExample_3:\ninput: [0, 0, 0, 6, 6, 6, 6, 6, 6, 0, 9, 0, 0, 0, 0, 0, 0, 0, 0, 0, 0, 0, 0, 0, 0, 0]\noutput: [0, 0, 0, 0, 0, 0, 0, 0, 0, 0, 9, 0, 6, 6, 6, 6, 6, 6, 0, 0, 0, 0, 0, 0, 0, 0]\n\nTest case:\ninput: [0, 0, 0, 0, 0, 1, 1, 1, 1, 1, 1, 0, 0, 0, 9, 0, 0, 0, 0, 0, 0, 0, 0, 0, 0, 0]\n\n\nGive no explanation. \n###########################################################\nSample Outputs:\noutput: [0, 0, 0, 0, 0, 0, 0, 0, 0, 0, 9, 0, 1, 1, 1, 1, 1, 1, 0, 0, 0, 0, 0, 0, 0, 0]"
        }
    ],
    "idx": 292,
    "task": "1d_mirror_47",
    "category": "1d_mirror",
    "ys": [
        "Node_1(Level: 1, Phase: abstraction, Thought: , Value: 0, Parent_ID: 0, Spread: False, Children_ID: [], is_root: False, is_leaf: True)"
    ],
    "result": {
        "solution": "[0, 0, 0, 0, 0, 0, 0, 0, 0, 0, 0, 0, 0, 0, 9, 0, 0, 0, 1, 1, 1, 1, 1, 1, 0, 0]\n",
        "success": 0,
        "tries": 1,
        "success_rate": 0.6484641638225256,
        "cat_success_cnt": 8,
        "cat_success_rate": 0.18604651162790697
    },
    "usage_so_far": {
        "completion_tokens": 22219,
        "prompt_tokens": 163423,
        "cost": 2.3008
    }
}