{
    "steps": [
        {
            "prompt_log": "Sample Prompt:\n#####\nuser:\n#####\n\nExample_1:\ninput: [0, 0, 0, 0, 0, 0, 4, 4, 4, 4, 4, 4, 4, 0, 0, 9, 0, 0, 0, 0, 0, 0, 0, 0, 0, 0]\noutput: [0, 0, 0, 0, 0, 0, 0, 0, 0, 0, 0, 0, 0, 0, 0, 9, 0, 0, 4, 4, 4, 4, 4, 4, 4, 0]\n\nExample_2:\ninput: [0, 0, 7, 7, 7, 7, 7, 7, 7, 0, 0, 9, 0, 0, 0, 0, 0, 0, 0, 0, 0, 0, 0, 0, 0, 0]\noutput: [0, 0, 0, 0, 0, 0, 0, 0, 0, 0, 0, 9, 0, 0, 7, 7, 7, 7, 7, 7, 7, 0, 0, 0, 0, 0]\n\nExample_3:\ninput: [6, 6, 6, 6, 6, 6, 0, 0, 0, 0, 9, 0, 0, 0, 0, 0, 0, 0, 0, 0, 0, 0, 0, 0, 0, 0]\noutput: [0, 0, 0, 0, 0, 0, 0, 0, 0, 0, 9, 0, 0, 0, 0, 6, 6, 6, 6, 6, 6, 0, 0, 0, 0, 0]\n\nTest case:\ninput: [0, 6, 6, 6, 6, 6, 6, 0, 0, 0, 9, 0, 0, 0, 0, 0, 0, 0, 0, 0, 0, 0, 0, 0, 0, 0]\n\n\nGive no explanation. \n###########################################################\nSample Outputs:\noutput: [0, 0, 0, 0, 0, 0, 0, 0, 0, 0, 9, 0, 0, 0, 6, 6, 6, 6, 6, 6, 0, 0, 0, 0, 0, 0]"
        }
    ],
    "idx": 280,
    "task": "1d_mirror_36",
    "category": "1d_mirror",
    "ys": [
        "Node_1(Level: 1, Phase: abstraction, Thought: , Value: 0, Parent_ID: 0, Spread: False, Children_ID: [], is_root: False, is_leaf: True)"
    ],
    "result": {
        "solution": "[0, 0, 0, 0, 0, 0, 0, 0, 0, 0, 9, 0, 0, 0, 6, 6, 6, 6, 6, 6, 0, 0, 0, 0, 0, 0]\n",
        "success": 1,
        "tries": 1,
        "success_rate": 0.6619217081850534,
        "cat_success_cnt": 4,
        "cat_success_rate": 0.12903225806451613
    },
    "usage_so_far": {
        "completion_tokens": 21433,
        "prompt_tokens": 157597,
        "cost": 2.21896
    }
}