{
    "steps": [
        {
            "prompt_log": "Sample Prompt:\n#####\nuser:\n#####\n\nExample_1:\ninput: [0, 0, 1, 0, 0, 0, 1, 0, 0, 1, 1, 0, 0, 1, 1, 0, 0, 0, 1, 1, 1, 1, 0, 0, 0, 0, 0, 0]\noutput: [0, 0, 1, 0, 0, 0, 1, 0, 0, 1, 1, 0, 0, 1, 1, 0, 0, 0, 3, 3, 3, 3, 0, 0, 0, 0, 0, 0]\n\nExample_2:\ninput: [0, 1, 1, 1, 1, 1, 0, 0, 0, 1, 1, 1, 0, 0, 0, 1, 1, 1, 0, 0, 0, 1, 1, 1, 0, 0, 0, 1]\noutput: [0, 3, 3, 3, 3, 3, 0, 0, 0, 1, 1, 1, 0, 0, 0, 1, 1, 1, 0, 0, 0, 1, 1, 1, 0, 0, 0, 1]\n\nExample_3:\ninput: [0, 1, 1, 0, 0, 0, 1, 1, 1, 1, 1, 1, 1, 0, 0, 1, 1, 1, 1, 1, 1, 0, 0, 0, 0, 0, 0, 0]\noutput: [0, 1, 1, 0, 0, 0, 3, 3, 3, 3, 3, 3, 3, 0, 0, 1, 1, 1, 1, 1, 1, 0, 0, 0, 0, 0, 0, 0]\n\nTest case:\ninput: [0, 0, 0, 1, 1, 1, 1, 1, 1, 0, 0, 1, 1, 0, 0, 1, 1, 1, 1, 1, 0, 1, 1, 1, 0, 0, 0, 0]\n\n\nGive no explanation. \n###########################################################\nSample Outputs:\noutput: [0, 0, 0, 3, 3, 3, 3, 3, 3, 0, 0, 1, 1, 0, 0, 3, 3, 3, 3, 3, 0, 1, 1, 1, 0, 0, 0, 0]"
        }
    ],
    "idx": 748,
    "task": "1d_recolor_cmp_8",
    "category": "1d_recolor_cmp",
    "ys": [
        "Node_1(Level: 1, Phase: abstraction, Thought: , Value: 0, Parent_ID: 0, Spread: False, Children_ID: [], is_root: False, is_leaf: True)"
    ],
    "result": {
        "solution": "[0, 0, 0, 3, 3, 3, 3, 3, 3, 0, 0, 1, 1, 0, 0, 1, 1, 1, 1, 1, 0, 1, 1, 1, 0, 0, 0, 0]\n",
        "success": 0,
        "tries": 1,
        "success_rate": 0.5086782376502003,
        "cat_success_cnt": 16,
        "cat_success_rate": 0.32653061224489793
    },
    "usage_so_far": {
        "completion_tokens": 61773,
        "prompt_tokens": 444031,
        "cost": 6.2935
    }
}