{
    "steps": [
        {
            "prompt_log": "Sample Prompt:\n#####\nuser:\n#####\n\nExample_1:\ninput: [0, 0, 5, 5, 5, 0, 0, 5, 5, 0, 0, 5, 5, 5, 5, 0, 0, 5, 5, 5, 5, 0, 5, 5, 5, 5]\noutput: [0, 0, 5, 5, 5, 0, 0, 5, 5, 0, 0, 8, 8, 8, 8, 0, 0, 8, 8, 8, 8, 0, 8, 8, 8, 8]\n\nExample_2:\ninput: [0, 0, 0, 5, 5, 5, 5, 5, 5, 5, 0, 5, 0, 0, 5, 5, 5, 5, 5, 0, 0, 0, 0, 0, 0, 0]\noutput: [0, 0, 0, 8, 8, 8, 8, 8, 8, 8, 0, 5, 0, 0, 5, 5, 5, 5, 5, 0, 0, 0, 0, 0, 0, 0]\n\nExample_3:\ninput: [0, 0, 5, 5, 5, 5, 5, 0, 5, 5, 0, 5, 5, 5, 5, 0, 0, 5, 5, 5, 5, 5, 0, 0, 5, 5]\noutput: [0, 0, 8, 8, 8, 8, 8, 0, 5, 5, 0, 5, 5, 5, 5, 0, 0, 8, 8, 8, 8, 8, 0, 0, 5, 5]\n\nTest case:\ninput: [0, 0, 0, 5, 5, 5, 0, 0, 0, 5, 5, 5, 5, 5, 0, 5, 5, 0, 0, 5, 5, 5, 5, 5, 0, 0]\n\n\nGive no explanation. \n###########################################################\nSample Outputs:\noutput: [0, 0, 0, 5, 5, 5, 0, 0, 0, 8, 8, 8, 8, 8, 0, 5, 5, 0, 0, 8, 8, 8, 8, 8, 0, 0]"
        }
    ],
    "idx": 742,
    "task": "1d_recolor_cmp_47",
    "category": "1d_recolor_cmp",
    "ys": [
        "Node_1(Level: 1, Phase: abstraction, Thought: , Value: 0, Parent_ID: 0, Spread: False, Children_ID: [], is_root: False, is_leaf: True)"
    ],
    "result": {
        "solution": "[0, 0, 0, 5, 5, 5, 0, 0, 0, 8, 8, 8, 8, 8, 0, 5, 5, 0, 0, 8, 8, 8, 8, 8, 0, 0]\n",
        "success": 1,
        "tries": 1,
        "success_rate": 0.5114401076716016,
        "cat_success_cnt": 15,
        "cat_success_rate": 0.3488372093023256
    },
    "usage_so_far": {
        "completion_tokens": 61338,
        "prompt_tokens": 440824,
        "cost": 6.24838
    }
}