{
    "steps": [
        {
            "prompt_log": "Sample Prompt:\n#####\nuser:\n#####\n\nExample_1:\ninput: [0, 5, 5, 0, 5, 5, 5, 0, 0, 0, 5, 0, 0, 0, 5, 0, 0, 0, 5, 0, 0, 0, 0, 0, 0, 0, 0, 0, 0]\noutput: [0, 8, 8, 0, 6, 6, 6, 0, 0, 0, 1, 0, 0, 0, 1, 0, 0, 0, 1, 0, 0, 0, 0, 0, 0, 0, 0, 0, 0]\n\nExample_2:\ninput: [0, 5, 5, 5, 0, 5, 5, 0, 5, 0, 5, 5, 0, 0, 5, 5, 0, 0, 0, 0, 0, 0, 0, 0, 0, 0, 0, 0, 0]\noutput: [0, 6, 6, 6, 0, 8, 8, 0, 1, 0, 8, 8, 0, 0, 8, 8, 0, 0, 0, 0, 0, 0, 0, 0, 0, 0, 0, 0, 0]\n\nExample_3:\ninput: [0, 0, 0, 5, 5, 0, 5, 5, 5, 0, 0, 5, 0, 0, 0, 5, 5, 0, 0, 0, 5, 5, 5, 0, 0, 0, 0, 0, 0]\noutput: [0, 0, 0, 8, 8, 0, 6, 6, 6, 0, 0, 1, 0, 0, 0, 8, 8, 0, 0, 0, 6, 6, 6, 0, 0, 0, 0, 0, 0]\n\nTest case:\ninput: [0, 0, 0, 5, 0, 0, 0, 5, 5, 0, 0, 0, 5, 5, 5, 0, 5, 5, 0, 0, 5, 5, 0, 0, 0, 0, 0, 0, 0]\n\n\nGive no explanation. \n###########################################################\nSample Outputs:\noutput: [0, 0, 0, 1, 0, 0, 0, 8, 8, 0, 0, 0, 6, 6, 6, 0, 8, 8, 0, 0, 8, 8, 0, 0, 0, 0, 0, 0, 0]"
        }
    ],
    "idx": 751,
    "task": "1d_recolor_cnt_1",
    "category": "1d_recolor_cnt",
    "ys": [
        "Node_1(Level: 1, Phase: abstraction, Thought: , Value: 0, Parent_ID: 0, Spread: False, Children_ID: [], is_root: False, is_leaf: True)"
    ],
    "result": {
        "solution": "[0, 0, 0, 1, 0, 0, 0, 8, 8, 0, 0, 0, 6, 6, 6, 0, 8, 8, 0, 0, 8, 8, 0, 0, 0, 0, 0, 0, 0]\n",
        "success": 1,
        "tries": 1,
        "success_rate": 0.5093085106382979,
        "cat_success_cnt": 2,
        "cat_success_rate": 1.0
    },
    "usage_so_far": {
        "completion_tokens": 61989,
        "prompt_tokens": 445624,
        "cost": 6.315910000000001
    }
}