{
    "steps": [
        {
            "prompt_log": "Sample Prompt:\n#####\nuser:\n#####\n\nExample_1:\ninput: [0, 7, 0, 0, 0, 7, 7, 7, 0, 0, 7, 7, 7, 0, 0, 0, 7, 7, 7, 0, 0, 0, 7, 0, 7, 7, 7, 7, 0, 7, 0]\noutput: [0, 7, 0, 0, 0, 7, 7, 7, 0, 0, 7, 7, 7, 0, 0, 0, 7, 7, 7, 0, 0, 0, 7, 0, 5, 5, 5, 5, 0, 7, 0]\n\nExample_2:\ninput: [0, 0, 7, 7, 7, 7, 0, 0, 0, 7, 7, 7, 7, 0, 7, 7, 7, 7, 0, 7, 7, 7, 7, 0, 0, 7, 7, 7, 7, 7, 0]\noutput: [0, 0, 7, 7, 7, 7, 0, 0, 0, 7, 7, 7, 7, 0, 7, 7, 7, 7, 0, 7, 7, 7, 7, 0, 0, 5, 5, 5, 5, 5, 0]\n\nExample_3:\ninput: [0, 0, 7, 0, 0, 0, 7, 0, 0, 7, 7, 7, 0, 0, 0, 7, 7, 7, 7, 7, 7, 7, 0, 0, 0, 7, 7, 7, 7, 0, 0]\noutput: [0, 0, 7, 0, 0, 0, 7, 0, 0, 7, 7, 7, 0, 0, 0, 5, 5, 5, 5, 5, 5, 5, 0, 0, 0, 7, 7, 7, 7, 0, 0]\n\nTest case:\ninput: [0, 0, 7, 0, 7, 7, 7, 7, 7, 0, 0, 0, 7, 7, 7, 7, 7, 7, 7, 0, 0, 7, 7, 7, 7, 7, 0, 0, 0, 0, 0]\n\n\nGive no explanation. \n###########################################################\nSample Outputs:\noutput: [0, 0, 7, 0, 5, 5, 5, 5, 5, 0, 0, 0, 7, 7, 7, 7, 7, 7, 7, 0, 0, 5, 5, 5, 5, 5, 0, 0, 0, 0, 0]"
        }
    ],
    "idx": 709,
    "task": "1d_recolor_cmp_17",
    "category": "1d_recolor_cmp",
    "ys": [
        "Node_1(Level: 1, Phase: abstraction, Thought: , Value: 0, Parent_ID: 0, Spread: False, Children_ID: [], is_root: False, is_leaf: True)"
    ],
    "result": {
        "solution": "[0, 0, 7, 0, 7, 7, 7, 7, 7, 0, 0, 0, 5, 5, 5, 5, 5, 5, 5, 0, 0, 7, 7, 7, 7, 7, 0, 0, 0, 0, 0]\n",
        "success": 0,
        "tries": 1,
        "success_rate": 0.5197183098591549,
        "cat_success_cnt": 4,
        "cat_success_rate": 0.4
    },
    "usage_so_far": {
        "completion_tokens": 58668,
        "prompt_tokens": 421243,
        "cost": 5.97247
    }
}