{
    "steps": [
        {
            "prompt_log": "Sample Prompt:\n#####\nuser:\n#####\n\nExample_1:\ninput: [0, 0, 9, 0, 0, 9, 9, 9, 9, 9, 0, 0, 0, 9, 9, 9, 9, 0, 0, 0, 9, 9, 9, 9, 0, 0, 0, 9, 9, 0]\noutput: [0, 0, 9, 0, 0, 4, 4, 4, 4, 4, 0, 0, 0, 9, 9, 9, 9, 0, 0, 0, 9, 9, 9, 9, 0, 0, 0, 9, 9, 0]\n\nExample_2:\ninput: [0, 0, 9, 9, 9, 9, 9, 9, 9, 0, 0, 9, 9, 9, 9, 0, 0, 0, 9, 9, 9, 9, 9, 0, 0, 0, 0, 0, 0, 0]\noutput: [0, 0, 4, 4, 4, 4, 4, 4, 4, 0, 0, 9, 9, 9, 9, 0, 0, 0, 9, 9, 9, 9, 9, 0, 0, 0, 0, 0, 0, 0]\n\nExample_3:\ninput: [0, 0, 9, 9, 9, 0, 0, 9, 9, 9, 9, 0, 0, 0, 9, 9, 9, 9, 0, 0, 0, 9, 9, 0, 0, 9, 9, 0, 9, 9]\noutput: [0, 0, 9, 9, 9, 0, 0, 4, 4, 4, 4, 0, 0, 0, 4, 4, 4, 4, 0, 0, 0, 9, 9, 0, 0, 9, 9, 0, 9, 9]\n\nTest case:\ninput: [0, 0, 0, 9, 9, 9, 9, 9, 9, 9, 0, 0, 0, 9, 9, 9, 9, 9, 9, 9, 0, 0, 9, 9, 9, 9, 9, 9, 0, 0]\n\n\nGive no explanation. \n###########################################################\nSample Outputs:\noutput: [0, 0, 0, 4, 4, 4, 4, 4, 4, 4, 0, 0, 0, 4, 4, 4, 4, 4, 4, 4, 0, 0, 9, 9, 9, 9, 9, 9, 0, 0]"
        }
    ],
    "idx": 706,
    "task": "1d_recolor_cmp_14",
    "category": "1d_recolor_cmp",
    "ys": [
        "Node_1(Level: 1, Phase: abstraction, Thought: , Value: 0, Parent_ID: 0, Spread: False, Children_ID: [], is_root: False, is_leaf: True)"
    ],
    "result": {
        "solution": "[0, 0, 0, 4, 4, 4, 4, 4, 4, 4, 0, 0, 0, 4, 4, 4, 4, 4, 4, 4, 0, 0, 9, 9, 9, 9, 9, 9, 0, 0]\n",
        "success": 1,
        "tries": 1,
        "success_rate": 0.521923620933522,
        "cat_success_cnt": 4,
        "cat_success_rate": 0.5714285714285714
    },
    "usage_so_far": {
        "completion_tokens": 58428,
        "prompt_tokens": 419482,
        "cost": 5.94766
    }
}