{
    "steps": [
        {
            "prompt_log": "Sample Prompt:\n#####\nuser:\n#####\n\nExample_1:\ninput: [0, 4, 4, 0, 0, 0, 4, 4, 0, 0, 4, 4, 4, 0, 4, 4, 4, 0, 0, 0, 4, 4, 4, 4, 4, 0, 4, 4, 0, 4, 0, 0, 0]\noutput: [0, 4, 4, 0, 0, 0, 4, 4, 0, 0, 4, 4, 4, 0, 4, 4, 4, 0, 0, 0, 7, 7, 7, 7, 7, 0, 4, 4, 0, 4, 0, 0, 0]\n\nExample_2:\ninput: [0, 0, 4, 4, 4, 4, 4, 4, 4, 0, 0, 0, 4, 4, 4, 4, 4, 0, 0, 4, 4, 4, 4, 4, 4, 0, 0, 0, 0, 0, 0, 0, 0]\noutput: [0, 0, 7, 7, 7, 7, 7, 7, 7, 0, 0, 0, 4, 4, 4, 4, 4, 0, 0, 4, 4, 4, 4, 4, 4, 0, 0, 0, 0, 0, 0, 0, 0]\n\nExample_3:\ninput: [0, 0, 4, 0, 0, 4, 0, 0, 0, 4, 4, 4, 0, 0, 0, 4, 4, 4, 4, 0, 0, 4, 0, 0, 4, 4, 4, 4, 0, 0, 4, 0, 0]\noutput: [0, 0, 4, 0, 0, 4, 0, 0, 0, 4, 4, 4, 0, 0, 0, 7, 7, 7, 7, 0, 0, 4, 0, 0, 7, 7, 7, 7, 0, 0, 4, 0, 0]\n\nTest case:\ninput: [0, 0, 0, 4, 4, 4, 4, 0, 0, 4, 4, 0, 0, 0, 4, 0, 0, 4, 4, 4, 4, 0, 0, 4, 0, 0, 4, 4, 4, 4, 0, 0, 0]\n\n\nGive no explanation. \n###########################################################\nSample Outputs:\noutput: [0, 0, 0, 7, 7, 7, 7, 0, 0, 4, 4, 0, 0, 0, 4, 0, 0, 7, 7, 7, 7, 0, 0, 4, 0, 0, 7, 7, 7, 7, 0, 0, 0]"
        }
    ],
    "idx": 721,
    "task": "1d_recolor_cmp_28",
    "category": "1d_recolor_cmp",
    "ys": [
        "Node_1(Level: 1, Phase: abstraction, Thought: , Value: 0, Parent_ID: 0, Spread: False, Children_ID: [], is_root: False, is_leaf: True)"
    ],
    "result": {
        "solution": "[0, 0, 0, 7, 7, 7, 7, 0, 0, 4, 4, 0, 0, 0, 4, 0, 0, 7, 7, 7, 7, 0, 0, 4, 0, 0, 7, 7, 7, 7, 0, 0, 0]\n",
        "success": 1,
        "tries": 1,
        "success_rate": 0.5152354570637119,
        "cat_success_cnt": 7,
        "cat_success_rate": 0.3181818181818182
    },
    "usage_so_far": {
        "completion_tokens": 59637,
        "prompt_tokens": 428350,
        "cost": 6.07261
    }
}