{
    "steps": [
        {
            "prompt_log": "Sample Prompt:\n#####\nuser:\n#####\n\nExample_1:\ninput: [0, 8, 8, 8, 0, 8, 8, 0, 0, 8, 8, 8, 0, 0, 8, 8, 8, 0, 0, 0, 8, 0, 0, 0, 8, 8, 8, 8, 0, 0, 0]\noutput: [0, 8, 8, 8, 0, 8, 8, 0, 0, 8, 8, 8, 0, 0, 8, 8, 8, 0, 0, 0, 8, 0, 0, 0, 3, 3, 3, 3, 0, 0, 0]\n\nExample_2:\ninput: [0, 8, 0, 0, 8, 0, 0, 0, 8, 8, 8, 8, 8, 0, 8, 8, 0, 0, 0, 8, 8, 8, 8, 0, 0, 8, 8, 8, 8, 0, 0]\noutput: [0, 8, 0, 0, 8, 0, 0, 0, 3, 3, 3, 3, 3, 0, 8, 8, 0, 0, 0, 8, 8, 8, 8, 0, 0, 8, 8, 8, 8, 0, 0]\n\nExample_3:\ninput: [0, 0, 8, 8, 8, 8, 8, 0, 8, 8, 8, 8, 8, 0, 0, 0, 8, 8, 8, 8, 8, 8, 8, 0, 0, 8, 0, 0, 0, 0, 0]\noutput: [0, 0, 8, 8, 8, 8, 8, 0, 8, 8, 8, 8, 8, 0, 0, 0, 3, 3, 3, 3, 3, 3, 3, 0, 0, 8, 0, 0, 0, 0, 0]\n\nTest case:\ninput: [0, 0, 0, 8, 8, 8, 8, 8, 8, 0, 0, 0, 8, 8, 8, 8, 0, 0, 8, 8, 8, 8, 8, 8, 8, 0, 0, 0, 0, 0, 0]\n\n\nGive no explanation. \n###########################################################\nSample Outputs:\noutput: [0, 0, 0, 8, 8, 8, 8, 8, 8, 0, 0, 0, 3, 3, 3, 3, 0, 0, 8, 8, 8, 8, 8, 8, 8, 0, 0, 0, 0, 0, 0]"
        }
    ],
    "idx": 739,
    "task": "1d_recolor_cmp_44",
    "category": "1d_recolor_cmp",
    "ys": [
        "Node_1(Level: 1, Phase: abstraction, Thought: , Value: 0, Parent_ID: 0, Spread: False, Children_ID: [], is_root: False, is_leaf: True)"
    ],
    "result": {
        "solution": "[0, 0, 0, 8, 8, 8, 8, 8, 8, 0, 0, 0, 8, 8, 8, 8, 0, 0, 3, 3, 3, 3, 3, 3, 3, 0, 0, 0, 0, 0, 0]\n",
        "success": 0,
        "tries": 1,
        "success_rate": 0.5121621621621621,
        "cat_success_cnt": 14,
        "cat_success_rate": 0.35
    },
    "usage_so_far": {
        "completion_tokens": 61098,
        "prompt_tokens": 439063,
        "cost": 6.22357
    }
}