{
    "steps": [
        {
            "prompt_log": "Sample Prompt:\n#####\nuser:\n#####\n\nExample_1:\ninput: [0, 5, 5, 0, 5, 0, 0, 0, 5, 5, 5, 0, 5, 0, 5, 0, 0, 0, 0, 0, 0, 0, 0, 0, 0, 0, 0, 0, 0]\noutput: [0, 6, 6, 0, 2, 0, 0, 0, 1, 1, 1, 0, 2, 0, 2, 0, 0, 0, 0, 0, 0, 0, 0, 0, 0, 0, 0, 0, 0]\n\nExample_2:\ninput: [0, 0, 0, 5, 0, 5, 5, 0, 0, 5, 5, 5, 0, 0, 0, 5, 0, 0, 5, 5, 5, 0, 0, 0, 0, 0, 0, 0, 0]\noutput: [0, 0, 0, 2, 0, 6, 6, 0, 0, 1, 1, 1, 0, 0, 0, 2, 0, 0, 1, 1, 1, 0, 0, 0, 0, 0, 0, 0, 0]\n\nExample_3:\ninput: [0, 0, 5, 5, 0, 5, 0, 5, 5, 5, 0, 5, 5, 5, 0, 5, 5, 0, 0, 0, 0, 0, 0, 0, 0, 0, 0, 0, 0]\noutput: [0, 0, 6, 6, 0, 2, 0, 1, 1, 1, 0, 1, 1, 1, 0, 6, 6, 0, 0, 0, 0, 0, 0, 0, 0, 0, 0, 0, 0]\n\nTest case:\ninput: [0, 0, 0, 5, 5, 5, 0, 0, 5, 5, 0, 0, 0, 5, 0, 5, 5, 5, 0, 0, 0, 5, 5, 5, 0, 0, 0, 0, 0]\n\n\nGive no explanation. \n###########################################################\nSample Outputs:\noutput: [0, 0, 0, 1, 1, 1, 0, 0, 6, 6, 0, 0, 0, 2, 0, 1, 1, 1, 0, 0, 0, 1, 1, 1, 0, 0, 0, 0, 0]"
        }
    ],
    "idx": 758,
    "task": "1d_recolor_cnt_16",
    "category": "1d_recolor_cnt",
    "ys": [
        "Node_1(Level: 1, Phase: abstraction, Thought: , Value: 0, Parent_ID: 0, Spread: False, Children_ID: [], is_root: False, is_leaf: True)"
    ],
    "result": {
        "solution": "[0, 0, 0, 1, 1, 1, 0, 0, 6, 6, 0, 0, 0, 2, 0, 1, 1, 1, 0, 0, 0, 1, 1, 1, 0, 0, 0, 0, 0]\n",
        "success": 1,
        "tries": 1,
        "success_rate": 0.5098814229249012,
        "cat_success_cnt": 6,
        "cat_success_rate": 0.6666666666666666
    },
    "usage_so_far": {
        "completion_tokens": 62606,
        "prompt_tokens": 450132,
        "cost": 6.3795
    }
}