{
    "steps": [
        {
            "prompt_log": "Sample Prompt:\n#####\nuser:\n#####\n\nExample_1:\ninput: [0, 0, 0, 8, 0, 0, 0, 8, 8, 0, 0, 0, 8, 8, 8, 0, 0, 8, 8, 0, 8, 8, 8, 0, 0, 0, 0, 0, 0, 0, 0]\noutput: [0, 0, 0, 2, 0, 0, 0, 1, 1, 0, 0, 0, 6, 6, 6, 0, 0, 1, 1, 0, 6, 6, 6, 0, 0, 0, 0, 0, 0, 0, 0]\n\nExample_2:\ninput: [0, 0, 8, 0, 0, 0, 8, 8, 8, 0, 8, 8, 0, 0, 0, 8, 8, 0, 8, 8, 8, 0, 0, 0, 0, 0, 0, 0, 0, 0, 0]\noutput: [0, 0, 2, 0, 0, 0, 6, 6, 6, 0, 1, 1, 0, 0, 0, 1, 1, 0, 6, 6, 6, 0, 0, 0, 0, 0, 0, 0, 0, 0, 0]\n\nExample_3:\ninput: [0, 0, 0, 8, 8, 8, 0, 0, 0, 8, 0, 0, 8, 8, 0, 8, 8, 8, 0, 0, 8, 8, 0, 0, 0, 0, 0, 0, 0, 0, 0]\noutput: [0, 0, 0, 6, 6, 6, 0, 0, 0, 2, 0, 0, 1, 1, 0, 6, 6, 6, 0, 0, 1, 1, 0, 0, 0, 0, 0, 0, 0, 0, 0]\n\nTest case:\ninput: [0, 0, 8, 8, 8, 0, 8, 8, 0, 8, 0, 8, 8, 8, 0, 0, 0, 8, 8, 8, 0, 0, 0, 0, 0, 0, 0, 0, 0, 0, 0]\n\n\nGive no explanation. \n###########################################################\nSample Outputs:\noutput: [0, 0, 6, 6, 6, 0, 1, 1, 0, 2, 0, 6, 6, 6, 0, 0, 0, 1, 1, 1, 0, 0, 0, 0, 0, 0, 0, 0, 0, 0, 0]"
        }
    ],
    "idx": 788,
    "task": "1d_recolor_cnt_43",
    "category": "1d_recolor_cnt",
    "ys": [
        "Node_1(Level: 1, Phase: abstraction, Thought: , Value: 0, Parent_ID: 0, Spread: False, Children_ID: [], is_root: False, is_leaf: True)"
    ],
    "result": {
        "solution": "[0, 0, 6, 6, 6, 0, 1, 1, 0, 2, 0, 6, 6, 6, 0, 0, 0, 6, 6, 6, 0, 0, 0, 0, 0, 0, 0, 0, 0, 0, 0]\n",
        "success": 0,
        "tries": 1,
        "success_rate": 0.5107731305449936,
        "cat_success_cnt": 22,
        "cat_success_rate": 0.5641025641025641
    },
    "usage_so_far": {
        "completion_tokens": 64754,
        "prompt_tokens": 465978,
        "cost": 6.6024
    }
}