{
    "steps": [
        {
            "prompt_log": "Sample Prompt:\n#####\nuser:\n#####\n\nExample_1:\ninput: [0, 0, 9, 9, 9, 9, 0, 0, 0, 9, 9, 0, 0, 9, 9, 9, 0, 0, 9, 9, 9, 0, 0, 9, 9, 9, 9, 9, 0, 0, 0]\noutput: [0, 0, 9, 9, 9, 9, 0, 0, 0, 9, 9, 0, 0, 9, 9, 9, 0, 0, 9, 9, 9, 0, 0, 3, 3, 3, 3, 3, 0, 0, 0]\n\nExample_2:\ninput: [0, 0, 9, 9, 9, 0, 9, 9, 9, 9, 9, 9, 9, 0, 0, 9, 9, 9, 9, 9, 9, 0, 0, 0, 9, 9, 9, 9, 9, 9, 0]\noutput: [0, 0, 9, 9, 9, 0, 3, 3, 3, 3, 3, 3, 3, 0, 0, 9, 9, 9, 9, 9, 9, 0, 0, 0, 9, 9, 9, 9, 9, 9, 0]\n\nExample_3:\ninput: [0, 0, 0, 9, 9, 9, 9, 0, 0, 9, 9, 9, 9, 0, 0, 9, 9, 9, 0, 0, 0, 9, 9, 9, 9, 0, 9, 0, 0, 0, 9]\noutput: [0, 0, 0, 3, 3, 3, 3, 0, 0, 3, 3, 3, 3, 0, 0, 9, 9, 9, 0, 0, 0, 3, 3, 3, 3, 0, 9, 0, 0, 0, 9]\n\nTest case:\ninput: [0, 9, 9, 9, 0, 9, 9, 9, 0, 9, 0, 9, 9, 0, 0, 9, 9, 0, 0, 0, 9, 9, 9, 9, 9, 9, 0, 0, 9, 9, 0]\n\n\nGive no explanation. \n###########################################################\nSample Outputs:\noutput: [0, 3, 3, 3, 0, 3, 3, 3, 0, 9, 0, 9, 9, 0, 0, 3, 3, 0, 0, 0, 9, 9, 9, 9, 9, 9, 0, 0, 3, 3, 0]"
        }
    ],
    "idx": 722,
    "task": "1d_recolor_cmp_29",
    "category": "1d_recolor_cmp",
    "ys": [
        "Node_1(Level: 1, Phase: abstraction, Thought: , Value: 0, Parent_ID: 0, Spread: False, Children_ID: [], is_root: False, is_leaf: True)"
    ],
    "result": {
        "solution": "[0, 9, 9, 9, 0, 9, 9, 9, 0, 9, 0, 9, 9, 0, 0, 9, 9, 0, 0, 0, 3, 3, 3, 3, 3, 3, 0, 0, 9, 9, 0]\n",
        "success": 0,
        "tries": 1,
        "success_rate": 0.5145228215767634,
        "cat_success_cnt": 7,
        "cat_success_rate": 0.30434782608695654
    },
    "usage_so_far": {
        "completion_tokens": 59732,
        "prompt_tokens": 429042,
        "cost": 6.082380000000001
    }
}