{
    "steps": [
        {
            "prompt_log": "Sample Prompt:\n#####\nuser:\n#####\n\nExample_1:\ninput: [0, 0, 4, 4, 4, 4, 4, 0, 0, 0, 4, 4, 0, 0, 4, 4, 4, 4, 0, 0, 4, 4, 4, 0, 0, 0]\noutput: [0, 0, 8, 8, 8, 8, 8, 0, 0, 0, 3, 3, 0, 0, 3, 3, 3, 3, 0, 0, 8, 8, 8, 0, 0, 0]\n\nExample_2:\ninput: [0, 0, 0, 4, 4, 4, 4, 4, 0, 4, 4, 0, 4, 0, 0, 4, 0, 0, 0, 4, 4, 4, 0, 0, 0, 0]\noutput: [0, 0, 0, 8, 8, 8, 8, 8, 0, 3, 3, 0, 8, 0, 0, 8, 0, 0, 0, 8, 8, 8, 0, 0, 0, 0]\n\nExample_3:\ninput: [0, 4, 4, 4, 4, 4, 4, 0, 4, 4, 4, 4, 4, 0, 0, 0, 4, 4, 4, 4, 4, 0, 0, 4, 0, 0]\noutput: [0, 3, 3, 3, 3, 3, 3, 0, 8, 8, 8, 8, 8, 0, 0, 0, 8, 8, 8, 8, 8, 0, 0, 8, 0, 0]\n\nTest case:\ninput: [0, 0, 0, 4, 4, 4, 4, 4, 0, 0, 0, 4, 4, 0, 0, 4, 4, 4, 4, 4, 0, 0, 4, 4, 4, 0]\n\n\nGive no explanation. \n###########################################################\nSample Outputs:\noutput: [0, 0, 0, 8, 8, 8, 8, 8, 0, 0, 0, 3, 3, 0, 0, 8, 8, 8, 8, 8, 0, 0, 3, 3, 3, 0]"
        }
    ],
    "idx": 830,
    "task": "1d_recolor_oe_36",
    "category": "1d_recolor_oe",
    "ys": [
        "Node_1(Level: 1, Phase: abstraction, Thought: , Value: 0, Parent_ID: 0, Spread: False, Children_ID: [], is_root: False, is_leaf: True)"
    ],
    "result": {
        "solution": "[0, 0, 0, 8, 8, 8, 8, 8, 0, 0, 0, 3, 3, 0, 0, 8, 8, 8, 8, 8, 0, 0, 8, 8, 8, 0]\n",
        "success": 0,
        "tries": 1,
        "success_rate": 0.4969915764139591,
        "cat_success_cnt": 5,
        "cat_success_rate": 0.16129032258064516
    },
    "usage_so_far": {
        "completion_tokens": 67715,
        "prompt_tokens": 487839,
        "cost": 6.909840000000001
    }
}