{
    "steps": [
        {
            "prompt_log": "Sample Prompt:\n#####\nuser:\n#####\n\nExample_1:\ninput: [0, 0, 7, 7, 7, 7, 7, 7, 0, 0, 7, 7, 7, 7, 0, 0, 0, 7, 7, 7, 7, 7, 7, 7, 0, 7, 7, 7, 0]\noutput: [0, 0, 7, 7, 7, 7, 7, 7, 0, 0, 7, 7, 7, 7, 0, 0, 0, 9, 9, 9, 9, 9, 9, 9, 0, 7, 7, 7, 0]\n\nExample_2:\ninput: [0, 0, 7, 0, 0, 7, 7, 7, 7, 7, 0, 0, 7, 7, 7, 7, 7, 0, 0, 0, 7, 7, 0, 0, 0, 7, 7, 7, 7]\noutput: [0, 0, 7, 0, 0, 9, 9, 9, 9, 9, 0, 0, 9, 9, 9, 9, 9, 0, 0, 0, 7, 7, 0, 0, 0, 7, 7, 7, 7]\n\nExample_3:\ninput: [0, 0, 7, 7, 7, 0, 0, 7, 7, 7, 7, 0, 7, 7, 0, 0, 0, 7, 0, 0, 7, 0, 7, 7, 7, 0, 7, 7, 0]\noutput: [0, 0, 7, 7, 7, 0, 0, 9, 9, 9, 9, 0, 7, 7, 0, 0, 0, 7, 0, 0, 7, 0, 7, 7, 7, 0, 7, 7, 0]\n\nTest case:\ninput: [0, 7, 7, 7, 7, 7, 7, 0, 0, 7, 7, 0, 0, 7, 7, 7, 7, 7, 7, 0, 7, 7, 7, 7, 7, 7, 0, 7, 7]\n\n\nGive no explanation. \n###########################################################\nSample Outputs:\noutput: [0, 9, 9, 9, 9, 9, 9, 0, 0, 9, 9, 0, 0, 9, 9, 9, 9, 9, 9, 0, 9, 9, 9, 9, 9, 9, 0, 7, 7]"
        }
    ],
    "idx": 741,
    "task": "1d_recolor_cmp_46",
    "category": "1d_recolor_cmp",
    "ys": [
        "Node_1(Level: 1, Phase: abstraction, Thought: , Value: 0, Parent_ID: 0, Spread: False, Children_ID: [], is_root: False, is_leaf: True)"
    ],
    "result": {
        "solution": "[0, 9, 9, 9, 9, 9, 9, 0, 0, 7, 7, 0, 0, 9, 9, 9, 9, 9, 9, 0, 9, 9, 9, 9, 9, 9, 0, 7, 7]\n",
        "success": 0,
        "tries": 1,
        "success_rate": 0.5107816711590296,
        "cat_success_cnt": 14,
        "cat_success_rate": 0.3333333333333333
    },
    "usage_so_far": {
        "completion_tokens": 61258,
        "prompt_tokens": 440237,
        "cost": 6.2401100000000005
    }
}