{
    "steps": [
        {
            "prompt_log": "Sample Prompt:\n#####\nuser:\n#####\n\nExample_1:\ninput: [0, 0, 9, 9, 0, 9, 9, 9, 0, 9, 0, 0, 0, 9, 9, 9, 9, 9, 0, 9, 9, 9, 0, 0, 0, 0, 0, 0, 0]\noutput: [0, 0, 7, 7, 0, 1, 1, 1, 0, 1, 0, 0, 0, 1, 1, 1, 1, 1, 0, 1, 1, 1, 0, 0, 0, 0, 0, 0, 0]\n\nExample_2:\ninput: [0, 0, 9, 9, 9, 9, 9, 9, 0, 9, 9, 9, 0, 9, 9, 9, 0, 0, 0, 9, 9, 9, 9, 9, 0, 0, 9, 0, 0]\noutput: [0, 0, 7, 7, 7, 7, 7, 7, 0, 1, 1, 1, 0, 1, 1, 1, 0, 0, 0, 1, 1, 1, 1, 1, 0, 0, 1, 0, 0]\n\nExample_3:\ninput: [0, 9, 9, 9, 9, 9, 0, 0, 9, 9, 0, 9, 9, 9, 0, 9, 9, 9, 0, 9, 9, 9, 9, 0, 0, 0, 0, 0, 0]\noutput: [0, 1, 1, 1, 1, 1, 0, 0, 7, 7, 0, 1, 1, 1, 0, 1, 1, 1, 0, 7, 7, 7, 7, 0, 0, 0, 0, 0, 0]\n\nTest case:\ninput: [0, 0, 0, 9, 9, 9, 9, 9, 0, 0, 0, 9, 9, 0, 9, 0, 0, 0, 9, 9, 0, 0, 0, 9, 0, 0, 0, 0, 0]\n\n\nGive no explanation. \n###########################################################\nSample Outputs:\noutput: [0, 0, 0, 7, 7, 7, 7, 7, 0, 0, 0, 1, 1, 0, 1, 0, 0, 0, 1, 1, 0, 0, 0, 1, 0, 0, 0, 0, 0]"
        }
    ],
    "idx": 849,
    "task": "1d_recolor_oe_9",
    "category": "1d_recolor_oe",
    "ys": [
        "Node_1(Level: 1, Phase: abstraction, Thought: , Value: 0, Parent_ID: 0, Spread: False, Children_ID: [], is_root: False, is_leaf: True)"
    ],
    "result": {
        "solution": "[0, 0, 0, 1, 1, 1, 1, 1, 0, 0, 0, 7, 7, 0, 1, 0, 0, 0, 7, 7, 0, 0, 0, 1, 0, 0, 0, 0, 0]\n",
        "success": 0,
        "tries": 1,
        "success_rate": 0.49058823529411766,
        "cat_success_cnt": 9,
        "cat_success_rate": 0.18
    },
    "usage_so_far": {
        "completion_tokens": 69148,
        "prompt_tokens": 498383,
        "cost": 7.05827
    }
}