{
    "steps": [
        {
            "prompt_log": "Sample Prompt:\n#####\nuser:\n#####\n\nExample_1:\ninput: [0, 0, 7, 7, 0, 0, 0, 7, 0, 7, 7, 7, 7, 7, 0, 0, 0, 7, 7, 7, 0, 7, 7, 0, 0]\noutput: [0, 0, 4, 4, 0, 0, 0, 6, 0, 6, 6, 6, 6, 6, 0, 0, 0, 6, 6, 6, 0, 4, 4, 0, 0]\n\nExample_2:\ninput: [0, 7, 7, 7, 0, 0, 0, 7, 7, 7, 7, 0, 7, 7, 7, 7, 0, 7, 7, 7, 7, 0, 0, 7, 7]\noutput: [0, 6, 6, 6, 0, 0, 0, 4, 4, 4, 4, 0, 4, 4, 4, 4, 0, 4, 4, 4, 4, 0, 0, 4, 4]\n\nExample_3:\ninput: [0, 7, 7, 7, 7, 7, 0, 0, 0, 7, 7, 0, 7, 7, 7, 7, 7, 0, 7, 0, 7, 7, 0, 0, 0]\noutput: [0, 6, 6, 6, 6, 6, 0, 0, 0, 4, 4, 0, 6, 6, 6, 6, 6, 0, 6, 0, 4, 4, 0, 0, 0]\n\nTest case:\ninput: [0, 0, 7, 7, 7, 7, 7, 0, 0, 7, 7, 0, 0, 7, 7, 0, 7, 7, 7, 7, 0, 7, 7, 7, 7]\n\n\nGive no explanation. \n###########################################################\nSample Outputs:\noutput: [0, 0, 6, 6, 6, 6, 6, 0, 0, 4, 4, 0, 0, 4, 4, 0, 6, 6, 6, 6, 0, 4, 4, 4, 4]"
        }
    ],
    "idx": 846,
    "task": "1d_recolor_oe_6",
    "category": "1d_recolor_oe",
    "ys": [
        "Node_1(Level: 1, Phase: abstraction, Thought: , Value: 0, Parent_ID: 0, Spread: False, Children_ID: [], is_root: False, is_leaf: True)"
    ],
    "result": {
        "solution": "[0, 0, 6, 6, 6, 6, 6, 0, 0, 4, 4, 0, 0, 4, 4, 0, 4, 4, 4, 4, 0, 4, 4, 4, 4]\n",
        "success": 0,
        "tries": 1,
        "success_rate": 0.4911452184179457,
        "cat_success_cnt": 8,
        "cat_success_rate": 0.1702127659574468
    },
    "usage_so_far": {
        "completion_tokens": 68926,
        "prompt_tokens": 496748,
        "cost": 7.03526
    }
}