{
    "steps": [
        {
            "prompt_log": "Sample Prompt:\n#####\nuser:\n#####\n\nExample_1:\ninput: [0, 0, 4, 4, 0, 0, 4, 0, 0, 4, 4, 4, 4, 4, 0, 4, 4, 4, 4, 4, 0, 0, 4, 4, 4, 0, 0, 0, 0]\noutput: [0, 0, 9, 9, 0, 0, 8, 0, 0, 8, 8, 8, 8, 8, 0, 8, 8, 8, 8, 8, 0, 0, 8, 8, 8, 0, 0, 0, 0]\n\nExample_2:\ninput: [0, 0, 0, 4, 4, 4, 4, 4, 0, 0, 0, 4, 4, 4, 4, 0, 4, 4, 0, 0, 4, 0, 0, 0, 4, 4, 4, 4, 4]\noutput: [0, 0, 0, 8, 8, 8, 8, 8, 0, 0, 0, 9, 9, 9, 9, 0, 9, 9, 0, 0, 8, 0, 0, 0, 8, 8, 8, 8, 8]\n\nExample_3:\ninput: [0, 0, 4, 4, 4, 4, 4, 4, 0, 4, 0, 0, 0, 4, 4, 4, 4, 4, 0, 0, 0, 4, 4, 4, 0, 0, 0, 0, 0]\noutput: [0, 0, 9, 9, 9, 9, 9, 9, 0, 8, 0, 0, 0, 8, 8, 8, 8, 8, 0, 0, 0, 8, 8, 8, 0, 0, 0, 0, 0]\n\nTest case:\ninput: [0, 4, 4, 4, 0, 4, 4, 0, 0, 4, 4, 4, 4, 0, 4, 0, 4, 4, 4, 4, 4, 0, 0, 0, 0, 0, 0, 0, 0]\n\n\nGive no explanation. \n###########################################################\nSample Outputs:\noutput: [0, 9, 9, 9, 0, 9, 9, 0, 0, 8, 8, 8, 8, 0, 8, 0, 8, 8, 8, 8, 8, 0, 0, 0, 0, 0, 0, 0, 0]"
        }
    ],
    "idx": 826,
    "task": "1d_recolor_oe_32",
    "category": "1d_recolor_oe",
    "ys": [
        "Node_1(Level: 1, Phase: abstraction, Thought: , Value: 0, Parent_ID: 0, Spread: False, Children_ID: [], is_root: False, is_leaf: True)"
    ],
    "result": {
        "solution": "[0, 8, 8, 8, 0, 9, 9, 0, 0, 9, 9, 9, 9, 0, 8, 0, 8, 8, 8, 8, 8, 0, 0, 0, 0, 0, 0, 0, 0]\n",
        "success": 0,
        "tries": 1,
        "success_rate": 0.49939540507859737,
        "cat_success_cnt": 5,
        "cat_success_rate": 0.18518518518518517
    },
    "usage_so_far": {
        "completion_tokens": 67374,
        "prompt_tokens": 485344,
        "cost": 6.8746599999999995
    }
}