{
    "steps": [
        {
            "prompt_log": "Sample Prompt:\n#####\nuser:\n#####\n\nExample_1:\ninput: [0, 0, 0, 1, 1, 0, 0, 0, 1, 1, 1, 0, 0, 0, 1, 1, 1, 1, 1, 0, 1, 1, 1, 1, 1, 0, 1, 1, 1, 0, 0, 0, 0]\noutput: [0, 0, 0, 1, 1, 0, 0, 0, 1, 1, 1, 0, 0, 0, 6, 6, 6, 6, 6, 0, 6, 6, 6, 6, 6, 0, 1, 1, 1, 0, 0, 0, 0]\n\nExample_2:\ninput: [0, 0, 1, 1, 1, 1, 0, 0, 1, 1, 1, 0, 1, 0, 1, 1, 0, 1, 0, 1, 1, 1, 1, 0, 1, 0, 0, 0, 0, 0, 0, 0, 0]\noutput: [0, 0, 6, 6, 6, 6, 0, 0, 1, 1, 1, 0, 1, 0, 1, 1, 0, 1, 0, 6, 6, 6, 6, 0, 1, 0, 0, 0, 0, 0, 0, 0, 0]\n\nExample_3:\ninput: [0, 1, 1, 1, 1, 1, 1, 1, 0, 0, 0, 1, 1, 1, 0, 0, 0, 1, 1, 1, 1, 1, 1, 0, 0, 0, 1, 1, 0, 0, 0, 0, 0]\noutput: [0, 6, 6, 6, 6, 6, 6, 6, 0, 0, 0, 1, 1, 1, 0, 0, 0, 1, 1, 1, 1, 1, 1, 0, 0, 0, 1, 1, 0, 0, 0, 0, 0]\n\nTest case:\ninput: [0, 1, 0, 0, 0, 1, 1, 1, 1, 1, 0, 1, 1, 1, 1, 1, 0, 0, 1, 0, 1, 0, 1, 1, 1, 1, 1, 0, 1, 0, 0, 0, 0]\n\n\nGive no explanation. \n###########################################################\nSample Outputs:\noutput: [0, 1, 0, 0, 0, 6, 6, 6, 6, 6, 0, 6, 6, 6, 6, 6, 0, 0, 1, 0, 1, 0, 6, 6, 6, 6, 6, 0, 1, 0, 0, 0, 0]"
        }
    ],
    "idx": 723,
    "task": "1d_recolor_cmp_3",
    "category": "1d_recolor_cmp",
    "ys": [
        "Node_1(Level: 1, Phase: abstraction, Thought: , Value: 0, Parent_ID: 0, Spread: False, Children_ID: [], is_root: False, is_leaf: True)"
    ],
    "result": {
        "solution": "[0, 1, 0, 0, 0, 6, 6, 6, 6, 6, 0, 6, 6, 6, 6, 6, 0, 0, 1, 0, 1, 0, 6, 6, 6, 6, 6, 0, 1, 0, 0, 0, 0]\n",
        "success": 1,
        "tries": 1,
        "success_rate": 0.5151933701657458,
        "cat_success_cnt": 8,
        "cat_success_rate": 0.3333333333333333
    },
    "usage_so_far": {
        "completion_tokens": 59833,
        "prompt_tokens": 429776,
        "cost": 6.0927500000000006
    }
}