{
    "steps": [
        {
            "prompt_log": "Sample Prompt:\n#####\nuser:\n#####\n\nExample_1:\ninput: [0, 9, 9, 0, 9, 9, 9, 9, 0, 0, 9, 9, 9, 9, 0, 0, 0, 9, 9, 9, 9, 0, 9, 9, 0, 9, 0, 0, 0, 9, 9, 9]\noutput: [0, 9, 9, 0, 8, 8, 8, 8, 0, 0, 8, 8, 8, 8, 0, 0, 0, 8, 8, 8, 8, 0, 9, 9, 0, 9, 0, 0, 0, 9, 9, 9]\n\nExample_2:\ninput: [0, 0, 9, 9, 9, 9, 9, 9, 0, 0, 9, 9, 9, 9, 9, 9, 9, 0, 0, 9, 9, 0, 9, 9, 9, 9, 9, 9, 9, 0, 0, 0]\noutput: [0, 0, 9, 9, 9, 9, 9, 9, 0, 0, 8, 8, 8, 8, 8, 8, 8, 0, 0, 9, 9, 0, 8, 8, 8, 8, 8, 8, 8, 0, 0, 0]\n\nExample_3:\ninput: [0, 0, 0, 9, 9, 0, 0, 9, 9, 9, 9, 9, 0, 0, 9, 0, 0, 0, 9, 9, 9, 9, 9, 0, 0, 9, 9, 9, 9, 9, 0, 0]\noutput: [0, 0, 0, 9, 9, 0, 0, 8, 8, 8, 8, 8, 0, 0, 9, 0, 0, 0, 8, 8, 8, 8, 8, 0, 0, 8, 8, 8, 8, 8, 0, 0]\n\nTest case:\ninput: [0, 0, 9, 9, 0, 0, 9, 9, 9, 9, 9, 0, 9, 9, 9, 9, 9, 0, 0, 0, 9, 9, 9, 9, 0, 0, 9, 9, 9, 9, 9, 9]\n\n\nGive no explanation. \n###########################################################\nSample Outputs:\noutput: [0, 0, 9, 9, 0, 0, 8, 8, 8, 8, 8, 0, 8, 8, 8, 8, 8, 0, 0, 0, 8, 8, 8, 8, 0, 0, 8, 8, 8, 8, 8, 8]"
        }
    ],
    "idx": 732,
    "task": "1d_recolor_cmp_38",
    "category": "1d_recolor_cmp",
    "ys": [
        "Node_1(Level: 1, Phase: abstraction, Thought: , Value: 0, Parent_ID: 0, Spread: False, Children_ID: [], is_root: False, is_leaf: True)"
    ],
    "result": {
        "solution": "[0, 0, 9, 9, 0, 0, 9, 9, 9, 9, 9, 0, 9, 9, 9, 9, 9, 0, 0, 0, 9, 9, 9, 9, 0, 0, 8, 8, 8, 8, 8, 8]\n",
        "success": 0,
        "tries": 1,
        "success_rate": 0.5156889495225102,
        "cat_success_cnt": 13,
        "cat_success_rate": 0.3939393939393939
    },
    "usage_so_far": {
        "completion_tokens": 60514,
        "prompt_tokens": 434786,
        "cost": 6.16328
    }
}