{
    "steps": [
        {
            "prompt_log": "Sample Prompt:\n#####\nuser:\n#####\n\nExample_1:\ninput: [0, 0, 7, 7, 7, 7, 0, 0, 7, 7, 7, 7, 7, 7, 7, 0, 0, 7, 7, 7, 7, 0, 0, 0, 7, 0, 0]\noutput: [0, 0, 7, 7, 7, 7, 0, 0, 9, 9, 9, 9, 9, 9, 9, 0, 0, 7, 7, 7, 7, 0, 0, 0, 7, 0, 0]\n\nExample_2:\ninput: [0, 0, 7, 0, 7, 7, 7, 0, 7, 7, 7, 7, 0, 7, 0, 0, 0, 7, 7, 7, 7, 7, 0, 0, 0, 0, 0]\noutput: [0, 0, 7, 0, 7, 7, 7, 0, 7, 7, 7, 7, 0, 7, 0, 0, 0, 9, 9, 9, 9, 9, 0, 0, 0, 0, 0]\n\nExample_3:\ninput: [0, 0, 7, 0, 0, 0, 7, 7, 0, 0, 7, 7, 7, 0, 0, 7, 0, 0, 7, 7, 7, 7, 0, 0, 7, 7, 7]\noutput: [0, 0, 7, 0, 0, 0, 7, 7, 0, 0, 7, 7, 7, 0, 0, 7, 0, 0, 9, 9, 9, 9, 0, 0, 7, 7, 7]\n\nTest case:\ninput: [0, 0, 0, 7, 7, 7, 7, 7, 0, 0, 0, 7, 7, 0, 0, 7, 7, 7, 7, 7, 0, 7, 7, 7, 7, 7, 7]\n\n\nGive no explanation. \n###########################################################\nSample Outputs:\noutput: [0, 0, 0, 9, 9, 9, 9, 9, 0, 0, 0, 7, 7, 0, 0, 9, 9, 9, 9, 9, 0, 9, 9, 9, 9, 9, 9]"
        }
    ],
    "idx": 718,
    "task": "1d_recolor_cmp_25",
    "category": "1d_recolor_cmp",
    "ys": [
        "Node_1(Level: 1, Phase: abstraction, Thought: , Value: 0, Parent_ID: 0, Spread: False, Children_ID: [], is_root: False, is_leaf: True)"
    ],
    "result": {
        "solution": "[0, 0, 0, 7, 7, 7, 7, 7, 0, 0, 0, 7, 7, 0, 0, 7, 7, 7, 7, 7, 0, 9, 9, 9, 9, 9, 9]\n",
        "success": 0,
        "tries": 1,
        "success_rate": 0.5159944367176634,
        "cat_success_cnt": 6,
        "cat_success_rate": 0.3157894736842105
    },
    "usage_so_far": {
        "completion_tokens": 59373,
        "prompt_tokens": 426421,
        "cost": 6.0454
    }
}