{
    "steps": [
        {
            "prompt_log": "Sample Prompt:\n#####\nuser:\n#####\n\nExample_1:\ninput: [0, 0, 0, 5, 5, 5, 5, 5, 5, 0, 0, 0, 5, 5, 5, 5, 5, 0, 5, 5, 0, 0, 5, 5, 0]\noutput: [0, 0, 0, 3, 3, 3, 3, 3, 3, 0, 0, 0, 9, 9, 9, 9, 9, 0, 3, 3, 0, 0, 3, 3, 0]\n\nExample_2:\ninput: [0, 0, 0, 5, 5, 5, 5, 5, 5, 0, 5, 5, 5, 0, 5, 0, 0, 0, 5, 5, 5, 5, 5, 0, 0]\noutput: [0, 0, 0, 3, 3, 3, 3, 3, 3, 0, 9, 9, 9, 0, 9, 0, 0, 0, 9, 9, 9, 9, 9, 0, 0]\n\nExample_3:\ninput: [0, 5, 5, 0, 0, 0, 5, 0, 5, 0, 0, 0, 5, 0, 0, 0, 5, 5, 5, 0, 0, 0, 0, 0, 0]\noutput: [0, 3, 3, 0, 0, 0, 9, 0, 9, 0, 0, 0, 9, 0, 0, 0, 9, 9, 9, 0, 0, 0, 0, 0, 0]\n\nTest case:\ninput: [0, 0, 5, 5, 0, 0, 0, 5, 5, 5, 0, 0, 0, 5, 5, 5, 5, 5, 0, 5, 5, 5, 5, 5, 0]\n\n\nGive no explanation. \n###########################################################\nSample Outputs:\noutput: [0, 0, 3, 3, 0, 0, 0, 3, 3, 3, 0, 0, 0, 3, 3, 3, 3, 3, 0, 9, 9, 9, 9, 9, 0]"
        }
    ],
    "idx": 847,
    "task": "1d_recolor_oe_7",
    "category": "1d_recolor_oe",
    "ys": [
        "Node_1(Level: 1, Phase: abstraction, Thought: , Value: 0, Parent_ID: 0, Spread: False, Children_ID: [], is_root: False, is_leaf: True)"
    ],
    "result": {
        "solution": "[0, 0, 3, 3, 0, 0, 0, 9, 9, 9, 0, 0, 0, 9, 9, 9, 9, 9, 0, 9, 9, 9, 9, 9, 0]\n",
        "success": 0,
        "tries": 1,
        "success_rate": 0.49056603773584906,
        "cat_success_cnt": 8,
        "cat_success_rate": 0.16666666666666666
    },
    "usage_so_far": {
        "completion_tokens": 69003,
        "prompt_tokens": 497314,
        "cost": 7.043229999999999
    }
}