{
    "steps": [
        {
            "prompt_log": "Sample Prompt:\n#####\nuser:\n#####\n\nExample_1:\ninput: [0, 0, 0, 6, 0, 0, 0, 6, 6, 6, 0, 0, 0, 6, 6, 0, 6, 6, 0, 0, 6, 0, 0, 0, 0, 0, 0, 0, 0, 0, 0, 0, 0]\noutput: [0, 0, 0, 3, 0, 0, 0, 9, 9, 9, 0, 0, 0, 8, 8, 0, 8, 8, 0, 0, 3, 0, 0, 0, 0, 0, 0, 0, 0, 0, 0, 0, 0]\n\nExample_2:\ninput: [0, 6, 6, 0, 0, 6, 0, 6, 6, 6, 0, 6, 0, 0, 6, 0, 0, 0, 0, 0, 0, 0, 0, 0, 0, 0, 0, 0, 0, 0, 0, 0, 0]\noutput: [0, 8, 8, 0, 0, 3, 0, 9, 9, 9, 0, 3, 0, 0, 3, 0, 0, 0, 0, 0, 0, 0, 0, 0, 0, 0, 0, 0, 0, 0, 0, 0, 0]\n\nExample_3:\ninput: [0, 0, 0, 6, 6, 6, 0, 0, 0, 6, 0, 0, 0, 6, 6, 0, 0, 0, 6, 0, 0, 0, 6, 6, 0, 0, 0, 0, 0, 0, 0, 0, 0]\noutput: [0, 0, 0, 9, 9, 9, 0, 0, 0, 3, 0, 0, 0, 8, 8, 0, 0, 0, 3, 0, 0, 0, 8, 8, 0, 0, 0, 0, 0, 0, 0, 0, 0]\n\nTest case:\ninput: [0, 6, 0, 6, 6, 0, 0, 0, 6, 6, 6, 0, 6, 6, 0, 0, 6, 6, 6, 0, 0, 0, 0, 0, 0, 0, 0, 0, 0, 0, 0, 0, 0]\n\n\nGive no explanation. \n###########################################################\nSample Outputs:\noutput: [0, 3, 0, 9, 9, 0, 0, 0, 8, 8, 8, 0, 8, 8, 0, 0, 9, 9, 9, 0, 0, 0, 0, 0, 0, 0, 0, 0, 0, 0, 0, 0, 0]"
        }
    ],
    "idx": 785,
    "task": "1d_recolor_cnt_40",
    "category": "1d_recolor_cnt",
    "ys": [
        "Node_1(Level: 1, Phase: abstraction, Thought: , Value: 0, Parent_ID: 0, Spread: False, Children_ID: [], is_root: False, is_leaf: True)"
    ],
    "result": {
        "solution": "[0, 3, 0, 8, 8, 0, 0, 0, 9, 9, 9, 0, 8, 8, 0, 0, 9, 9, 9, 0, 0, 0, 0, 0, 0, 0, 0, 0, 0, 0, 0, 0, 0]\n",
        "success": 0,
        "tries": 1,
        "success_rate": 0.5127226463104325,
        "cat_success_cnt": 22,
        "cat_success_rate": 0.6111111111111112
    },
    "usage_so_far": {
        "completion_tokens": 64520,
        "prompt_tokens": 464259,
        "cost": 6.57819
    }
}