{
    "steps": [
        {
            "prompt_log": "Sample Prompt:\n#####\nuser:\n#####\n\nExample_1:\ninput: [0, 0, 1, 1, 1, 0, 1, 1, 0, 0, 1, 1, 1, 1, 0, 0, 0, 1, 1, 0, 0, 0, 1, 1, 1, 1, 0, 0, 0, 0, 0, 0]\noutput: [0, 0, 7, 7, 7, 0, 2, 2, 0, 0, 2, 2, 2, 2, 0, 0, 0, 2, 2, 0, 0, 0, 2, 2, 2, 2, 0, 0, 0, 0, 0, 0]\n\nExample_2:\ninput: [0, 0, 1, 1, 1, 1, 1, 1, 0, 1, 0, 1, 1, 1, 0, 1, 1, 1, 0, 0, 0, 1, 1, 1, 1, 1, 0, 0, 0, 0, 0, 0]\noutput: [0, 0, 2, 2, 2, 2, 2, 2, 0, 7, 0, 7, 7, 7, 0, 7, 7, 7, 0, 0, 0, 7, 7, 7, 7, 7, 0, 0, 0, 0, 0, 0]\n\nExample_3:\ninput: [0, 0, 0, 1, 1, 1, 1, 1, 0, 1, 1, 1, 1, 0, 1, 1, 1, 0, 1, 0, 1, 1, 1, 1, 0, 0, 0, 0, 0, 0, 0, 0]\noutput: [0, 0, 0, 7, 7, 7, 7, 7, 0, 2, 2, 2, 2, 0, 7, 7, 7, 0, 7, 0, 2, 2, 2, 2, 0, 0, 0, 0, 0, 0, 0, 0]\n\nTest case:\ninput: [0, 0, 0, 1, 1, 1, 1, 1, 1, 0, 0, 1, 0, 1, 1, 1, 1, 1, 0, 0, 0, 1, 1, 1, 1, 1, 0, 1, 1, 1, 1, 1]\n\n\nGive no explanation. \n###########################################################\nSample Outputs:\noutput: [0, 0, 0, 2, 2, 2, 2, 2, 2, 0, 0, 7, 0, 2, 2, 2, 2, 2, 0, 0, 0, 2, 2, 2, 2, 2, 0, 2, 2, 2, 2, 2]"
        }
    ],
    "idx": 842,
    "task": "1d_recolor_oe_47",
    "category": "1d_recolor_oe",
    "ys": [
        "Node_1(Level: 1, Phase: abstraction, Thought: , Value: 0, Parent_ID: 0, Spread: False, Children_ID: [], is_root: False, is_leaf: True)"
    ],
    "result": {
        "solution": "[0, 0, 0, 2, 2, 2, 2, 2, 2, 0, 0, 7, 0, 7, 7, 7, 7, 7, 0, 0, 0, 7, 7, 7, 7, 7, 0, 7, 7, 7, 7, 7]\n",
        "success": 0,
        "tries": 1,
        "success_rate": 0.49347568208778175,
        "cat_success_cnt": 8,
        "cat_success_rate": 0.18604651162790697
    },
    "usage_so_far": {
        "completion_tokens": 68573,
        "prompt_tokens": 494169,
        "cost": 6.99888
    }
}