{
    "steps": [
        {
            "prompt_log": "Sample Prompt:\n#####\nuser:\n#####\n\nExample_1:\ninput: [0, 9, 9, 0, 0, 9, 9, 9, 0, 0, 9, 9, 9, 9, 9, 0, 0, 0, 9, 9, 9, 9, 9, 0, 0, 9, 9, 9, 9]\noutput: [0, 1, 1, 0, 0, 8, 8, 8, 0, 0, 8, 8, 8, 8, 8, 0, 0, 0, 8, 8, 8, 8, 8, 0, 0, 1, 1, 1, 1]\n\nExample_2:\ninput: [0, 0, 0, 9, 9, 9, 9, 9, 9, 0, 0, 9, 9, 9, 9, 9, 0, 0, 9, 9, 9, 0, 0, 0, 9, 9, 9, 9, 0]\noutput: [0, 0, 0, 1, 1, 1, 1, 1, 1, 0, 0, 8, 8, 8, 8, 8, 0, 0, 8, 8, 8, 0, 0, 0, 1, 1, 1, 1, 0]\n\nExample_3:\ninput: [0, 9, 9, 9, 9, 0, 0, 0, 9, 9, 9, 9, 9, 0, 0, 0, 9, 9, 0, 0, 9, 9, 9, 9, 0, 9, 9, 9, 0]\noutput: [0, 1, 1, 1, 1, 0, 0, 0, 8, 8, 8, 8, 8, 0, 0, 0, 1, 1, 0, 0, 1, 1, 1, 1, 0, 8, 8, 8, 0]\n\nTest case:\ninput: [0, 9, 9, 9, 9, 0, 0, 9, 9, 9, 0, 0, 0, 9, 0, 9, 9, 9, 0, 9, 9, 9, 9, 0, 0, 0, 0, 0, 0]\n\n\nGive no explanation. \n###########################################################\nSample Outputs:\noutput: [0, 1, 1, 1, 1, 0, 0, 8, 8, 8, 0, 0, 0, 1, 0, 8, 8, 8, 0, 1, 1, 1, 1, 0, 0, 0, 0, 0, 0]"
        }
    ],
    "idx": 806,
    "task": "1d_recolor_oe_14",
    "category": "1d_recolor_oe",
    "ys": [
        "Node_1(Level: 1, Phase: abstraction, Thought: , Value: 0, Parent_ID: 0, Spread: False, Children_ID: [], is_root: False, is_leaf: True)"
    ],
    "result": {
        "solution": "[0, 1, 1, 1, 1, 0, 0, 8, 8, 8, 0, 0, 0, 8, 0, 8, 8, 8, 0, 1, 1, 1, 1, 0, 0, 0, 0, 0, 0]\n",
        "success": 0,
        "tries": 1,
        "success_rate": 0.5055762081784386,
        "cat_success_cnt": 0,
        "cat_success_rate": 0.0
    },
    "usage_so_far": {
        "completion_tokens": 65999,
        "prompt_tokens": 475179,
        "cost": 6.7317599999999995
    }
}