{
    "steps": [
        {
            "prompt_log": "Sample Prompt:\n#####\nuser:\n#####\n\nExample_1:\ninput: [0, 0, 9, 9, 9, 9, 0, 0, 9, 9, 9, 0, 9, 9, 0, 0, 9, 0, 0, 0, 9, 9, 9, 9, 9, 0]\noutput: [0, 0, 3, 3, 3, 3, 0, 0, 6, 6, 6, 0, 3, 3, 0, 0, 6, 0, 0, 0, 6, 6, 6, 6, 6, 0]\n\nExample_2:\ninput: [0, 0, 0, 9, 9, 9, 0, 9, 9, 0, 0, 0, 9, 9, 9, 9, 0, 0, 9, 9, 9, 9, 9, 9, 0, 0]\noutput: [0, 0, 0, 6, 6, 6, 0, 3, 3, 0, 0, 0, 3, 3, 3, 3, 0, 0, 3, 3, 3, 3, 3, 3, 0, 0]\n\nExample_3:\ninput: [0, 0, 9, 9, 0, 9, 9, 9, 0, 9, 9, 9, 0, 9, 9, 9, 0, 9, 9, 9, 9, 9, 0, 0, 0, 0]\noutput: [0, 0, 3, 3, 0, 6, 6, 6, 0, 6, 6, 6, 0, 6, 6, 6, 0, 6, 6, 6, 6, 6, 0, 0, 0, 0]\n\nTest case:\ninput: [0, 9, 9, 9, 9, 0, 9, 0, 0, 0, 9, 9, 9, 0, 0, 0, 9, 9, 9, 0, 0, 0, 9, 9, 9, 9]\n\n\nGive no explanation. \n###########################################################\nSample Outputs:\noutput: [0, 4, 4, 4, 4, 0, 3, 0, 0, 0, 3, 3, 3, 0, 0, 0, 3, 3, 3, 0, 0, 0, 4, 4, 4, 4]"
        }
    ],
    "idx": 813,
    "task": "1d_recolor_oe_20",
    "category": "1d_recolor_oe",
    "ys": [
        "Node_1(Level: 1, Phase: abstraction, Thought: , Value: 0, Parent_ID: 0, Spread: False, Children_ID: [], is_root: False, is_leaf: True)"
    ],
    "result": {
        "solution": "[0, 3, 3, 3, 3, 0, 6, 0, 0, 0, 6, 6, 6, 0, 0, 0, 6, 6, 6, 0, 0, 0, 3, 3, 3, 3]\n",
        "success": 0,
        "tries": 1,
        "success_rate": 0.5036855036855037,
        "cat_success_cnt": 2,
        "cat_success_rate": 0.14285714285714285
    },
    "usage_so_far": {
        "completion_tokens": 66535,
        "prompt_tokens": 479120,
        "cost": 6.78725
    }
}