{
    "steps": [
        {
            "prompt_log": "Sample Prompt:\n#####\nuser:\n#####\n\nExample_1:\ninput: [0, 0, 0, 7, 0, 7, 7, 7, 0, 0, 0, 7, 7, 0, 0, 7, 7, 0, 0, 0, 7, 7, 7, 0, 0]\noutput: [0, 0, 0, 9, 0, 4, 4, 4, 0, 0, 0, 5, 5, 0, 0, 5, 5, 0, 0, 0, 4, 4, 4, 0, 0]\n\nExample_2:\ninput: [0, 0, 7, 0, 0, 0, 7, 7, 0, 7, 7, 7, 0, 0, 0, 7, 0, 7, 7, 7, 0, 0, 0, 0, 0]\noutput: [0, 0, 9, 0, 0, 0, 5, 5, 0, 4, 4, 4, 0, 0, 0, 9, 0, 4, 4, 4, 0, 0, 0, 0, 0]\n\nExample_3:\ninput: [0, 7, 7, 0, 7, 0, 0, 7, 7, 7, 0, 0, 7, 7, 7, 0, 0, 7, 0, 0, 0, 0, 0, 0, 0]\noutput: [0, 5, 5, 0, 9, 0, 0, 4, 4, 4, 0, 0, 4, 4, 4, 0, 0, 9, 0, 0, 0, 0, 0, 0, 0]\n\nTest case:\ninput: [0, 0, 7, 0, 0, 0, 7, 7, 7, 0, 7, 7, 0, 0, 0, 7, 7, 7, 0, 7, 7, 7, 0, 0, 0]\n\n\nGive no explanation. \n###########################################################\nSample Outputs:\noutput: [0, 0, 9, 0, 0, 0, 4, 4, 4, 0, 5, 5, 0, 0, 0, 4, 4, 4, 0, 5, 5, 5, 0, 0, 0]"
        }
    ],
    "idx": 793,
    "task": "1d_recolor_cnt_48",
    "category": "1d_recolor_cnt",
    "ys": [
        "Node_1(Level: 1, Phase: abstraction, Thought: , Value: 0, Parent_ID: 0, Spread: False, Children_ID: [], is_root: False, is_leaf: True)"
    ],
    "result": {
        "solution": "[0, 0, 9, 0, 0, 0, 4, 4, 4, 0, 5, 5, 0, 0, 0, 4, 4, 4, 0, 4, 4, 4, 0, 0, 0]\n",
        "success": 0,
        "tries": 1,
        "success_rate": 0.5100755667506297,
        "cat_success_cnt": 24,
        "cat_success_rate": 0.5454545454545454
    },
    "usage_so_far": {
        "completion_tokens": 65163,
        "prompt_tokens": 468976,
        "cost": 6.6446499999999995
    }
}