{
    "steps": [
        {
            "prompt_log": "Sample Prompt:\n#####\nuser:\n#####\n\nExample_1:\ninput: [0, 0, 0, 2, 0, 2, 2, 2, 0, 0, 0, 2, 2, 2, 2, 0, 0, 2, 2, 2, 2, 0, 0, 0, 2, 0, 0, 2, 2, 0, 0, 0]\noutput: [0, 0, 0, 2, 0, 2, 2, 2, 0, 0, 0, 3, 3, 3, 3, 0, 0, 3, 3, 3, 3, 0, 0, 0, 2, 0, 0, 2, 2, 0, 0, 0]\n\nExample_2:\ninput: [0, 0, 2, 2, 0, 2, 0, 2, 2, 2, 0, 0, 0, 2, 2, 0, 0, 0, 2, 2, 2, 2, 2, 2, 2, 0, 0, 0, 2, 2, 0, 0]\noutput: [0, 0, 2, 2, 0, 2, 0, 2, 2, 2, 0, 0, 0, 2, 2, 0, 0, 0, 3, 3, 3, 3, 3, 3, 3, 0, 0, 0, 2, 2, 0, 0]\n\nExample_3:\ninput: [0, 2, 2, 2, 2, 2, 0, 2, 2, 2, 2, 2, 0, 0, 0, 2, 2, 2, 2, 2, 0, 0, 0, 2, 2, 0, 0, 0, 2, 2, 2, 0]\noutput: [0, 3, 3, 3, 3, 3, 0, 3, 3, 3, 3, 3, 0, 0, 0, 3, 3, 3, 3, 3, 0, 0, 0, 2, 2, 0, 0, 0, 2, 2, 2, 0]\n\nTest case:\ninput: [0, 0, 0, 2, 2, 2, 2, 0, 2, 0, 0, 0, 2, 2, 2, 2, 0, 0, 0, 2, 2, 0, 2, 2, 2, 0, 0, 0, 2, 0, 0, 0]\n\n\nGive no explanation. \n###########################################################\nSample Outputs:\noutput: [0, 0, 0, 3, 3, 3, 3, 0, 2, 0, 0, 0, 3, 3, 3, 3, 0, 0, 0, 2, 2, 0, 2, 2, 2, 0, 0, 0, 2, 0, 0, 0]"
        }
    ],
    "idx": 730,
    "task": "1d_recolor_cmp_36",
    "category": "1d_recolor_cmp",
    "ys": [
        "Node_1(Level: 1, Phase: abstraction, Thought: , Value: 0, Parent_ID: 0, Spread: False, Children_ID: [], is_root: False, is_leaf: True)"
    ],
    "result": {
        "solution": "[0, 0, 0, 3, 3, 3, 3, 0, 2, 0, 0, 0, 3, 3, 3, 3, 0, 0, 0, 2, 2, 0, 2, 2, 2, 0, 0, 0, 2, 0, 0, 0]\n",
        "success": 1,
        "tries": 1,
        "success_rate": 0.5170998632010944,
        "cat_success_cnt": 13,
        "cat_success_rate": 0.41935483870967744
    },
    "usage_so_far": {
        "completion_tokens": 60348,
        "prompt_tokens": 433570,
        "cost": 6.14614
    }
}