{
    "steps": [
        {
            "prompt_log": "Sample Prompt:\nExample_1:\ninput: [1, 1, 1, 1, 1, 1, 1, 1, 5, 1, 1, 1, 1, 1, 1, 1, 1, 1, 1, 1, 1, 1, 1, 1, 1, 0, 0, 0, 0, 0, 0, 0]\noutput: [1, 1, 1, 1, 1, 1, 1, 1, 1, 1, 1, 1, 1, 1, 1, 1, 1, 1, 1, 1, 1, 1, 1, 1, 1, 0, 0, 0, 0, 0, 0, 0]\n\nExample_2:\ninput: [0, 0, 0, 0, 0, 0, 0, 0, 0, 3, 3, 3, 3, 3, 3, 3, 3, 2, 3, 3, 3, 3, 3, 3, 3, 3, 4, 3, 3, 0, 0, 0]\noutput: [0, 0, 0, 0, 0, 0, 0, 0, 0, 3, 3, 3, 3, 3, 3, 3, 3, 3, 3, 3, 3, 3, 3, 3, 3, 3, 3, 3, 3, 0, 0, 0]\n\nExample_3:\ninput: [0, 0, 0, 0, 0, 5, 5, 5, 5, 5, 3, 5, 5, 5, 5, 5, 3, 5, 5, 5, 5, 5, 5, 5, 5, 2, 5, 5, 0, 0, 0, 0]\noutput: [0, 0, 0, 0, 0, 5, 5, 5, 5, 5, 5, 5, 5, 5, 5, 5, 5, 5, 5, 5, 5, 5, 5, 5, 5, 5, 5, 5, 0, 0, 0, 0]\n\nTest case:\ninput: [0, 0, 0, 0, 7, 7, 7, 7, 4, 5, 7, 7, 7, 7, 7, 7, 7, 1, 7, 7, 7, 7, 7, 7, 0, 0, 0, 0, 0, 0, 0, 0]\n\n###########################################################\nSample Outputs:\noutput: [0, 0, 0, 0, 7, 7, 7, 7, 7, 7, 7, 7, 7, 7, 7, 7, 7, 7, 7, 7, 7, 7, 7, 7, 0, 0, 0, 0, 0, 0, 0, 0]"
        }
    ],
    "idx": 58,
    "task": "1d_denoising_mc_16",
    "category": "1d_denoising_mc",
    "ys": [
        "Node_1(Level: 1, Phase: abstraction, Thought: , Value: 0, Parent_ID: 0, Spread: False, Children_ID: [], is_root: False, is_leaf: True)"
    ],
    "result": {
        "success": 1,
        "tries": 1,
        "success_rate": 0.3050847457627119,
        "cat_success_cnt": 6,
        "cat_success_rate": 0.6666666666666666
    },
    "usage_so_far": {
        "completion_tokens": 5985,
        "prompt_tokens": 42297,
        "cost": 0.054267
    }
}