{
    "steps": [
        {
            "prompt_log": "Sample Prompt:\nExample_1:\ninput: [0, 0, 0, 0, 0, 0, 0, 2, 2, 2, 2, 2, 2, 2, 2, 2, 2, 2, 8, 2, 2, 3, 2, 2, 2, 2, 2, 2, 0, 0, 0, 0, 0]\noutput: [0, 0, 0, 0, 0, 0, 0, 2, 2, 2, 2, 2, 2, 2, 2, 2, 2, 2, 2, 2, 2, 2, 2, 2, 2, 2, 2, 2, 0, 0, 0, 0, 0]\n\nExample_2:\ninput: [0, 0, 0, 0, 0, 3, 3, 3, 3, 7, 8, 3, 3, 3, 3, 3, 3, 3, 3, 3, 5, 3, 3, 8, 3, 3, 0, 0, 0, 0, 0, 0, 0]\noutput: [0, 0, 0, 0, 0, 3, 3, 3, 3, 3, 3, 3, 3, 3, 3, 3, 3, 3, 3, 3, 3, 3, 3, 3, 3, 3, 0, 0, 0, 0, 0, 0, 0]\n\nExample_3:\ninput: [0, 0, 0, 0, 0, 0, 5, 5, 5, 5, 3, 5, 5, 5, 5, 5, 5, 5, 4, 5, 5, 5, 5, 5, 2, 5, 5, 0, 0, 0, 0, 0, 0]\noutput: [0, 0, 0, 0, 0, 0, 5, 5, 5, 5, 5, 5, 5, 5, 5, 5, 5, 5, 5, 5, 5, 5, 5, 5, 5, 5, 5, 0, 0, 0, 0, 0, 0]\n\nTest case:\ninput: [0, 6, 6, 6, 6, 6, 6, 2, 6, 5, 3, 6, 6, 6, 6, 6, 6, 6, 6, 6, 6, 6, 6, 6, 6, 6, 0, 0, 0, 0, 0, 0, 0]\n\n###########################################################\nSample Outputs:\noutput: [0, 6, 6, 6, 6, 6, 6, 2, 2, 5, 3, 6, 6, 6, 6, 6, 6, 6, 6, 6, 6, 6, 6, 6, 6, 6, 6, 0, 0, 0, 0, 0, 0, 0]\nIn this test case, the input list contains a series of consecutive '6's. The output list correctly replaces the consecutive '6's with just two '6's."
        }
    ],
    "idx": 80,
    "task": "1d_denoising_mc_36",
    "category": "1d_denoising_mc",
    "ys": [
        "Node_1(Level: 1, Phase: abstraction, Thought: , Value: 0, Parent_ID: 0, Spread: False, Children_ID: [], is_root: False, is_leaf: True)"
    ],
    "result": {
        "success": 0,
        "tries": 1,
        "success_rate": 0.35802469135802467,
        "cat_success_cnt": 17,
        "cat_success_rate": 0.5483870967741935
    },
    "usage_so_far": {
        "completion_tokens": 8418,
        "prompt_tokens": 58104,
        "cost": 0.07494
    }
}