{
    "steps": [
        {
            "prompt_log": "Sample Prompt:\nExample_1:\ninput: [0, 0, 8, 8, 2, 8, 2, 8, 8, 8, 8, 8, 8, 8, 8, 8, 8, 8, 8, 8, 8, 8, 8, 9, 8, 8, 8, 0, 0, 0, 0, 0]\noutput: [0, 0, 8, 8, 8, 8, 8, 8, 8, 8, 8, 8, 8, 8, 8, 8, 8, 8, 8, 8, 8, 8, 8, 8, 8, 8, 8, 0, 0, 0, 0, 0]\n\nExample_2:\ninput: [0, 9, 9, 9, 9, 9, 9, 9, 9, 9, 2, 9, 6, 9, 3, 9, 9, 9, 9, 9, 9, 9, 9, 9, 9, 0, 0, 0, 0, 0, 0, 0]\noutput: [0, 9, 9, 9, 9, 9, 9, 9, 9, 9, 9, 9, 9, 9, 9, 9, 9, 9, 9, 9, 9, 9, 9, 9, 9, 0, 0, 0, 0, 0, 0, 0]\n\nExample_3:\ninput: [0, 0, 0, 0, 0, 0, 0, 9, 9, 9, 9, 9, 5, 2, 9, 9, 9, 9, 1, 9, 9, 9, 9, 9, 9, 9, 9, 9, 0, 0, 0, 0]\noutput: [0, 0, 0, 0, 0, 0, 0, 9, 9, 9, 9, 9, 9, 9, 9, 9, 9, 9, 9, 9, 9, 9, 9, 9, 9, 9, 9, 9, 0, 0, 0, 0]\n\nTest case:\ninput: [0, 0, 0, 0, 0, 0, 0, 0, 3, 3, 3, 3, 3, 3, 3, 3, 7, 3, 3, 3, 3, 3, 3, 3, 3, 6, 3, 3, 0, 0, 0, 0]\n\n###########################################################\nSample Outputs:\noutput: [0, 0, 0, 0, 0, 0, 0, 0, 3, 3, 3, 3, 3, 3, 3, 3, 3, 3, 3, 3, 3, 3, 3, 3, 3, 3, 3, 0, 0, 0, 0, 0]"
        }
    ],
    "idx": 98,
    "task": "1d_denoising_mc_8",
    "category": "1d_denoising_mc",
    "ys": [
        "Node_1(Level: 1, Phase: abstraction, Thought: , Value: 0, Parent_ID: 0, Spread: False, Children_ID: [], is_root: False, is_leaf: True)"
    ],
    "result": {
        "success": 0,
        "tries": 1,
        "success_rate": 0.42424242424242425,
        "cat_success_cnt": 30,
        "cat_success_rate": 0.6122448979591837
    },
    "usage_so_far": {
        "completion_tokens": 10287,
        "prompt_tokens": 70953,
        "cost": 0.091527
    }
}