{
    "steps": [
        {
            "prompt_log": "Sample Prompt:\nExample_1:\ninput: [0, 0, 0, 0, 1, 1, 1, 1, 1, 1, 1, 1, 1, 1, 2, 1, 1, 1, 1, 1, 1, 1, 1, 1, 1, 1, 1, 1, 0, 0, 0, 0, 0]\noutput: [0, 0, 0, 0, 1, 1, 1, 1, 1, 1, 1, 1, 1, 1, 1, 1, 1, 1, 1, 1, 1, 1, 1, 1, 1, 1, 1, 1, 0, 0, 0, 0, 0]\n\nExample_2:\ninput: [0, 0, 9, 9, 9, 2, 9, 9, 9, 9, 9, 9, 9, 4, 9, 9, 9, 4, 9, 9, 9, 9, 9, 9, 0, 0, 0, 0, 0, 0, 0, 0, 0]\noutput: [0, 0, 9, 9, 9, 9, 9, 9, 9, 9, 9, 9, 9, 9, 9, 9, 9, 9, 9, 9, 9, 9, 9, 9, 0, 0, 0, 0, 0, 0, 0, 0, 0]\n\nExample_3:\ninput: [0, 0, 0, 0, 8, 8, 8, 8, 8, 8, 8, 8, 8, 8, 8, 8, 8, 8, 8, 8, 8, 2, 8, 8, 8, 8, 8, 8, 8, 8, 0, 0, 0]\noutput: [0, 0, 0, 0, 8, 8, 8, 8, 8, 8, 8, 8, 8, 8, 8, 8, 8, 8, 8, 8, 8, 8, 8, 8, 8, 8, 8, 8, 8, 8, 0, 0, 0]\n\nTest case:\ninput: [0, 0, 0, 0, 1, 1, 8, 1, 1, 1, 1, 1, 1, 1, 1, 4, 1, 1, 1, 1, 1, 1, 1, 1, 1, 1, 1, 1, 1, 0, 0, 0, 0]\n\n###########################################################\nSample Outputs:\noutput: [0, 0, 0, 0, 1, 1, 1, 1, 1, 1, 1, 1, 1, 1, 1, 1, 1, 1, 1, 1, 1, 1, 1, 1, 1, 1, 1, 1, 1, 0, 0, 0, 0]\n\nIn the test case, the input list has a mix of 1s and 8s, so the output list should have all the 1s grouped together and all the 8s grouped together while preserving the original order of the elements."
        }
    ],
    "idx": 87,
    "task": "1d_denoising_mc_42",
    "category": "1d_denoising_mc",
    "ys": [
        "Node_1(Level: 1, Phase: abstraction, Thought: , Value: 0, Parent_ID: 0, Spread: False, Children_ID: [], is_root: False, is_leaf: True)"
    ],
    "result": {
        "success": 1,
        "tries": 1,
        "success_rate": 0.38636363636363635,
        "cat_success_cnt": 22,
        "cat_success_rate": 0.5789473684210527
    },
    "usage_so_far": {
        "completion_tokens": 9197,
        "prompt_tokens": 63081,
        "cost": 0.08147499999999999
    }
}