{
    "steps": [
        {
            "prompt_log": "Sample Prompt:\nExample_1:\ninput: [0, 0, 0, 0, 0, 0, 5, 5, 5, 5, 5, 5, 5, 0, 0, 9, 0, 0, 0, 0, 0, 0, 0, 0, 0, 0]\noutput: [0, 0, 0, 0, 0, 0, 0, 0, 0, 0, 0, 0, 0, 0, 0, 9, 0, 0, 5, 5, 5, 5, 5, 5, 5, 0]\n\nExample_2:\ninput: [0, 0, 0, 0, 5, 5, 5, 5, 5, 5, 5, 0, 0, 9, 0, 0, 0, 0, 0, 0, 0, 0, 0, 0, 0, 0]\noutput: [0, 0, 0, 0, 0, 0, 0, 0, 0, 0, 0, 0, 0, 9, 0, 0, 5, 5, 5, 5, 5, 5, 5, 0, 0, 0]\n\nExample_3:\ninput: [0, 0, 0, 6, 6, 6, 6, 6, 6, 0, 9, 0, 0, 0, 0, 0, 0, 0, 0, 0, 0, 0, 0, 0, 0, 0]\noutput: [0, 0, 0, 0, 0, 0, 0, 0, 0, 0, 9, 0, 6, 6, 6, 6, 6, 6, 0, 0, 0, 0, 0, 0, 0, 0]\n\nTest case:\ninput: [0, 0, 0, 0, 0, 1, 1, 1, 1, 1, 1, 0, 0, 0, 9, 0, 0, 0, 0, 0, 0, 0, 0, 0, 0, 0]\n\n###########################################################\nSample Outputs:\noutput: [0, 0, 0, 0, 0, 0, 0, 0, 0, 0, 0, 0, 0, 9, 0, 0, 1, 1, 1, 1, 1, 1, 0, 0, 0, 0]"
        }
    ],
    "idx": 292,
    "task": "1d_mirror_47",
    "category": "1d_mirror",
    "ys": [
        "Node_1(Level: 1, Phase: abstraction, Thought: , Value: 0, Parent_ID: 0, Spread: False, Children_ID: [], is_root: False, is_leaf: True)"
    ],
    "result": {
        "success": 0,
        "tries": 1,
        "success_rate": 0.3651877133105802,
        "cat_success_cnt": 7,
        "cat_success_rate": 0.16279069767441862
    },
    "usage_so_far": {
        "completion_tokens": 22852,
        "prompt_tokens": 161958,
        "cost": 0.20766199999999999
    }
}