{
    "steps": [
        {
            "prompt_log": "Sample Prompt:\nExample_1:\ninput: [0, 0, 0, 5, 0, 5, 0, 0, 0, 0, 0, 0, 5, 0, 5, 0, 0, 0, 0, 0, 0, 5, 0, 5, 0, 0, 0]\noutput: [0, 0, 0, 5, 5, 5, 0, 0, 0, 0, 0, 0, 5, 5, 5, 0, 0, 0, 0, 0, 0, 5, 5, 5, 0, 0, 0]\n\nExample_2:\ninput: [3, 0, 0, 3, 0, 0, 0, 0, 0, 3, 0, 0, 3, 0, 0, 0, 0, 0, 3, 0, 0, 3, 0, 0, 0, 0, 0]\noutput: [3, 3, 3, 3, 0, 0, 0, 0, 0, 3, 3, 3, 3, 0, 0, 0, 0, 0, 3, 3, 3, 3, 0, 0, 0, 0, 0]\n\nExample_3:\ninput: [0, 0, 6, 0, 0, 0, 6, 0, 0, 0, 0, 6, 0, 0, 0, 6, 0, 0, 0, 0, 6, 0, 0, 0, 6, 0, 0]\noutput: [0, 0, 6, 6, 6, 6, 6, 0, 0, 0, 0, 6, 6, 6, 6, 6, 0, 0, 0, 0, 6, 6, 6, 6, 6, 0, 0]\n\nTest case:\ninput: [7, 0, 0, 0, 7, 0, 0, 0, 0, 7, 0, 0, 0, 7, 0, 0, 0, 0, 7, 0, 0, 0, 7, 0, 0, 0, 0]\n\n###########################################################\nSample Outputs:\noutput: [7, 7, 7, 7, 7, 7, 0, 0, 0, 7, 7, 7, 7, 7, 7, 0, 0, 0, 7, 7, 7, 7, 7, 7, 0, 0, 0]"
        }
    ],
    "idx": 571,
    "task": "1d_padded_fill_28",
    "category": "1d_padded_fill",
    "ys": [
        "Node_1(Level: 1, Phase: abstraction, Thought: , Value: 0, Parent_ID: 0, Spread: False, Children_ID: [], is_root: False, is_leaf: True)"
    ],
    "result": {
        "success": 0,
        "tries": 1,
        "success_rate": 0.3146853146853147,
        "cat_success_cnt": 1,
        "cat_success_rate": 0.045454545454545456
    },
    "usage_so_far": {
        "completion_tokens": 42611,
        "prompt_tokens": 304617,
        "cost": 0.38983900000000005
    }
}