{
    "steps": [
        {
            "prompt_log": "Sample Prompt:\nExample_1:\ninput: [0, 8, 8, 8, 8, 8, 0, 0, 0, 8, 8, 8, 8, 8, 8, 8, 0, 0, 8, 8, 8, 8, 8, 8]\noutput: [0, 8, 8, 8, 8, 8, 0, 0, 0, 5, 5, 5, 5, 5, 5, 5, 0, 0, 8, 8, 8, 8, 8, 8]\n\nExample_2:\ninput: [0, 8, 8, 8, 8, 8, 0, 0, 8, 8, 8, 8, 0, 8, 0, 0, 0, 8, 8, 8, 8, 8, 0, 0]\noutput: [0, 5, 5, 5, 5, 5, 0, 0, 8, 8, 8, 8, 0, 8, 0, 0, 0, 5, 5, 5, 5, 5, 0, 0]\n\nExample_3:\ninput: [0, 0, 0, 8, 8, 8, 8, 0, 8, 8, 0, 0, 0, 8, 8, 8, 0, 0, 8, 0, 0, 0, 0, 0]\noutput: [0, 0, 0, 5, 5, 5, 5, 0, 8, 8, 0, 0, 0, 8, 8, 8, 0, 0, 8, 0, 0, 0, 0, 0]\n\nTest case:\ninput: [0, 0, 8, 8, 8, 8, 8, 8, 0, 8, 8, 8, 8, 0, 8, 8, 0, 8, 8, 8, 8, 8, 8, 0]\n\n###########################################################\nSample Outputs:\noutput: [0, 0, 5, 5, 5, 5, 5, 5, 0, 8, 8, 8, 8, 0, 8, 8, 0, 8, 8, 8, 8, 8, 8, 0]"
        }
    ],
    "idx": 714,
    "task": "1d_recolor_cmp_21",
    "category": "1d_recolor_cmp",
    "ys": [
        "Node_1(Level: 1, Phase: abstraction, Thought: , Value: 0, Parent_ID: 0, Spread: False, Children_ID: [], is_root: False, is_leaf: True)"
    ],
    "result": {
        "success": 0,
        "tries": 1,
        "success_rate": 0.27692307692307694,
        "cat_success_cnt": 4,
        "cat_success_rate": 0.26666666666666666
    },
    "usage_so_far": {
        "completion_tokens": 59221,
        "prompt_tokens": 420729,
        "cost": 0.5391710000000001
    }
}