{
    "steps": [
        {
            "prompt_log": "Sample Prompt:\nExample_1:\ninput: [0, 4, 4, 4, 4, 4, 4, 0, 0, 4, 4, 4, 0, 0, 0, 4, 4, 4, 4, 0, 4, 0, 0, 0, 0]\noutput: [0, 5, 5, 5, 5, 5, 5, 0, 0, 3, 3, 3, 0, 0, 0, 5, 5, 5, 5, 0, 3, 0, 0, 0, 0]\n\nExample_2:\ninput: [0, 4, 4, 4, 4, 4, 4, 0, 0, 0, 4, 4, 4, 4, 4, 0, 0, 0, 4, 4, 4, 4, 4, 0, 0]\noutput: [0, 5, 5, 5, 5, 5, 5, 0, 0, 0, 3, 3, 3, 3, 3, 0, 0, 0, 3, 3, 3, 3, 3, 0, 0]\n\nExample_3:\ninput: [0, 0, 4, 4, 0, 0, 0, 4, 4, 4, 4, 4, 0, 0, 4, 4, 4, 0, 0, 0, 4, 0, 0, 4, 0]\noutput: [0, 0, 5, 5, 0, 0, 0, 3, 3, 3, 3, 3, 0, 0, 3, 3, 3, 0, 0, 0, 3, 0, 0, 3, 0]\n\nTest case:\ninput: [0, 0, 4, 4, 4, 0, 0, 0, 4, 4, 0, 0, 0, 4, 4, 4, 0, 4, 0, 0, 4, 4, 4, 4, 4]\n\n###########################################################\nSample Outputs:\noutput: [0, 0, 3, 3, 3, 0, 0, 0, 3, 3, 0, 0, 0, 3, 3, 3, 0, 3, 0, 0, 3, 3, 3, 3, 3]"
        }
    ],
    "idx": 843,
    "task": "1d_recolor_oe_48",
    "category": "1d_recolor_oe",
    "ys": [
        "Node_1(Level: 1, Phase: abstraction, Thought: , Value: 0, Parent_ID: 0, Spread: False, Children_ID: [], is_root: False, is_leaf: True)"
    ],
    "result": {
        "success": 0,
        "tries": 1,
        "success_rate": 0.259478672985782,
        "cat_success_cnt": 9,
        "cat_success_rate": 0.20454545454545456
    },
    "usage_so_far": {
        "completion_tokens": 68974,
        "prompt_tokens": 490515,
        "cost": 0.628463
    }
}