{
    "steps": [
        {
            "prompt_log": "Sample Prompt:\nExample_1:\ninput: [0, 5, 0, 0, 0, 5, 5, 5, 0, 5, 5, 0, 5, 5, 5, 0, 0, 5, 5, 5, 0, 0, 0, 0, 0, 0, 0, 0, 0, 0]\noutput: [0, 4, 0, 0, 0, 3, 3, 3, 0, 1, 1, 0, 3, 3, 3, 0, 0, 3, 3, 3, 0, 0, 0, 0, 0, 0, 0, 0, 0, 0]\n\nExample_2:\ninput: [0, 5, 5, 0, 0, 0, 5, 5, 5, 0, 5, 0, 0, 0, 5, 5, 0, 0, 5, 5, 5, 0, 0, 0, 0, 0, 0, 0, 0, 0]\noutput: [0, 1, 1, 0, 0, 0, 3, 3, 3, 0, 4, 0, 0, 0, 1, 1, 0, 0, 3, 3, 3, 0, 0, 0, 0, 0, 0, 0, 0, 0]\n\nExample_3:\ninput: [0, 0, 0, 5, 5, 0, 0, 5, 5, 5, 0, 5, 0, 5, 0, 0, 5, 0, 0, 0, 0, 0, 0, 0, 0, 0, 0, 0, 0, 0]\noutput: [0, 0, 0, 1, 1, 0, 0, 3, 3, 3, 0, 4, 0, 4, 0, 0, 4, 0, 0, 0, 0, 0, 0, 0, 0, 0, 0, 0, 0, 0]\n\nTest case:\ninput: [0, 0, 0, 5, 5, 5, 0, 5, 0, 5, 5, 0, 0, 0, 5, 5, 5, 0, 5, 0, 0, 0, 0, 0, 0, 0, 0, 0, 0, 0]\n\n###########################################################\nSample Outputs:\noutput: [0, 0, 0, 1, 1, 1, 0, 2, 0, 3, 3, 0, 0, 0, 4, 4, 4, 0, 5, 0, 0, 0, 0, 0, 0, 0, 0, 0, 0, 0]"
        }
    ],
    "idx": 784,
    "task": "1d_recolor_cnt_4",
    "category": "1d_recolor_cnt",
    "ys": [
        "Node_1(Level: 1, Phase: abstraction, Thought: , Value: 0, Parent_ID: 0, Spread: False, Children_ID: [], is_root: False, is_leaf: True)"
    ],
    "result": {
        "success": 0,
        "tries": 1,
        "success_rate": 0.2662420382165605,
        "cat_success_cnt": 4,
        "cat_success_rate": 0.11428571428571428
    },
    "usage_so_far": {
        "completion_tokens": 64681,
        "prompt_tokens": 459600,
        "cost": 0.588962
    }
}