{
    "steps": [
        {
            "prompt_log": "Sample Prompt:\nExample_1:\ninput: [0, 0, 0, 2, 0, 2, 2, 2, 0, 0, 0, 2, 2, 2, 2, 0, 0, 2, 2, 2, 2, 0, 0, 0, 2, 0, 0, 2, 2, 0, 0, 0]\noutput: [0, 0, 0, 2, 0, 2, 2, 2, 0, 0, 0, 3, 3, 3, 3, 0, 0, 3, 3, 3, 3, 0, 0, 0, 2, 0, 0, 2, 2, 0, 0, 0]\n\nExample_2:\ninput: [0, 0, 2, 2, 0, 2, 0, 2, 2, 2, 0, 0, 0, 2, 2, 0, 0, 0, 2, 2, 2, 2, 2, 2, 2, 0, 0, 0, 2, 2, 0, 0]\noutput: [0, 0, 2, 2, 0, 2, 0, 2, 2, 2, 0, 0, 0, 2, 2, 0, 0, 0, 3, 3, 3, 3, 3, 3, 3, 0, 0, 0, 2, 2, 0, 0]\n\nExample_3:\ninput: [0, 2, 2, 2, 2, 2, 0, 2, 2, 2, 2, 2, 0, 0, 0, 2, 2, 2, 2, 2, 0, 0, 0, 2, 2, 0, 0, 0, 2, 2, 2, 0]\noutput: [0, 3, 3, 3, 3, 3, 0, 3, 3, 3, 3, 3, 0, 0, 0, 3, 3, 3, 3, 3, 0, 0, 0, 2, 2, 0, 0, 0, 2, 2, 2, 0]\n\nTest case:\ninput: [0, 0, 0, 2, 2, 2, 2, 0, 2, 0, 0, 0, 2, 2, 2, 2, 0, 0, 0, 2, 2, 0, 2, 2, 2, 0, 0, 0, 2, 0, 0, 0]\n\n###########################################################\nSample Outputs:\noutput: [0, 0, 0, 3, 3, 3, 3, 0, 2, 0, 0, 0, 3, 3, 3, 3, 0, 0, 0, 3, 3, 0, 3, 3, 3, 0, 0, 0, 2, 0, 0, 0]"
        }
    ],
    "idx": 730,
    "task": "1d_recolor_cmp_36",
    "category": "1d_recolor_cmp",
    "ys": [
        "Node_1(Level: 1, Phase: abstraction, Thought: , Value: 0, Parent_ID: 0, Spread: False, Children_ID: [], is_root: False, is_leaf: True)"
    ],
    "result": {
        "success": 0,
        "tries": 1,
        "success_rate": 0.2749658002735978,
        "cat_success_cnt": 7,
        "cat_success_rate": 0.22580645161290322
    },
    "usage_so_far": {
        "completion_tokens": 60483,
        "prompt_tokens": 429915,
        "cost": 0.5508810000000001
    }
}