{
    "steps": [
        {
            "prompt_log": "Sample Prompt:\nExample_1:\ninput: [0, 0, 9, 9, 0, 9, 9, 9, 0, 9, 0, 0, 0, 9, 9, 9, 9, 9, 0, 9, 9, 9, 0, 0, 0, 0, 0, 0, 0]\noutput: [0, 0, 7, 7, 0, 1, 1, 1, 0, 1, 0, 0, 0, 1, 1, 1, 1, 1, 0, 1, 1, 1, 0, 0, 0, 0, 0, 0, 0]\n\nExample_2:\ninput: [0, 0, 9, 9, 9, 9, 9, 9, 0, 9, 9, 9, 0, 9, 9, 9, 0, 0, 0, 9, 9, 9, 9, 9, 0, 0, 9, 0, 0]\noutput: [0, 0, 7, 7, 7, 7, 7, 7, 0, 1, 1, 1, 0, 1, 1, 1, 0, 0, 0, 1, 1, 1, 1, 1, 0, 0, 1, 0, 0]\n\nExample_3:\ninput: [0, 9, 9, 9, 9, 9, 0, 0, 9, 9, 0, 9, 9, 9, 0, 9, 9, 9, 0, 9, 9, 9, 9, 0, 0, 0, 0, 0, 0]\noutput: [0, 1, 1, 1, 1, 1, 0, 0, 7, 7, 0, 1, 1, 1, 0, 1, 1, 1, 0, 7, 7, 7, 7, 0, 0, 0, 0, 0, 0]\n\nTest case:\ninput: [0, 0, 0, 9, 9, 9, 9, 9, 0, 0, 0, 9, 9, 0, 9, 0, 0, 0, 9, 9, 0, 0, 0, 9, 0, 0, 0, 0, 0]\n\n###########################################################\nSample Outputs:\noutput: [0, 0, 0, 1, 1, 1, 1, 1, 0, 0, 0, 1, 1, 0, 1, 0, 0, 0, 1, 1, 0, 0, 0, 1, 0, 0, 0, 0, 0]"
        }
    ],
    "idx": 849,
    "task": "1d_recolor_oe_9",
    "category": "1d_recolor_oe",
    "ys": [
        "Node_1(Level: 1, Phase: abstraction, Thought: , Value: 0, Parent_ID: 0, Spread: False, Children_ID: [], is_root: False, is_leaf: True)"
    ],
    "result": {
        "success": 0,
        "tries": 1,
        "success_rate": 0.2611764705882353,
        "cat_success_cnt": 12,
        "cat_success_rate": 0.24
    },
    "usage_so_far": {
        "completion_tokens": 69472,
        "prompt_tokens": 494133,
        "cost": 0.633077
    }
}