{
    "steps": [
        {
            "prompt_log": "Sample Prompt:\nExample_1:\ninput: [0, 0, 7, 7, 0, 0, 0, 7, 0, 7, 7, 7, 7, 7, 0, 0, 0, 7, 7, 7, 0, 7, 7, 0, 0]\noutput: [0, 0, 4, 4, 0, 0, 0, 6, 0, 6, 6, 6, 6, 6, 0, 0, 0, 6, 6, 6, 0, 4, 4, 0, 0]\n\nExample_2:\ninput: [0, 7, 7, 7, 0, 0, 0, 7, 7, 7, 7, 0, 7, 7, 7, 7, 0, 7, 7, 7, 7, 0, 0, 7, 7]\noutput: [0, 6, 6, 6, 0, 0, 0, 4, 4, 4, 4, 0, 4, 4, 4, 4, 0, 4, 4, 4, 4, 0, 0, 4, 4]\n\nExample_3:\ninput: [0, 7, 7, 7, 7, 7, 0, 0, 0, 7, 7, 0, 7, 7, 7, 7, 7, 0, 7, 0, 7, 7, 0, 0, 0]\noutput: [0, 6, 6, 6, 6, 6, 0, 0, 0, 4, 4, 0, 6, 6, 6, 6, 6, 0, 6, 0, 4, 4, 0, 0, 0]\n\nTest case:\ninput: [0, 0, 7, 7, 7, 7, 7, 0, 0, 7, 7, 0, 0, 7, 7, 0, 7, 7, 7, 7, 0, 7, 7, 7, 7]\n\n###########################################################\nSample Outputs:\noutput: [0, 0, 6, 6, 6, 6, 6, 0, 0, 4, 4, 0, 0, 4, 4, 0, 4, 4, 4, 4, 0, 4, 4, 4, 4]"
        }
    ],
    "idx": 846,
    "task": "1d_recolor_oe_6",
    "category": "1d_recolor_oe",
    "ys": [
        "Node_1(Level: 1, Phase: abstraction, Thought: , Value: 0, Parent_ID: 0, Spread: False, Children_ID: [], is_root: False, is_leaf: True)"
    ],
    "result": {
        "success": 1,
        "tries": 1,
        "success_rate": 0.2597402597402597,
        "cat_success_cnt": 10,
        "cat_success_rate": 0.2127659574468085
    },
    "usage_so_far": {
        "completion_tokens": 69250,
        "prompt_tokens": 492513,
        "cost": 0.631013
    }
}