{
    "steps": [
        {
            "prompt_log": "Sample Prompt:\nExample_1:\ninput: [0, 0, 0, 7, 7, 7, 0, 0, 7, 7, 0, 0, 0, 7, 7, 7, 7, 7, 7, 0, 0, 0, 7, 7, 7, 0]\noutput: [0, 0, 0, 6, 6, 6, 0, 0, 8, 8, 0, 0, 0, 8, 8, 8, 8, 8, 8, 0, 0, 0, 6, 6, 6, 0]\n\nExample_2:\ninput: [0, 0, 7, 7, 7, 7, 7, 0, 0, 7, 7, 7, 7, 7, 7, 0, 0, 7, 7, 7, 0, 7, 0, 0, 0, 0]\noutput: [0, 0, 6, 6, 6, 6, 6, 0, 0, 8, 8, 8, 8, 8, 8, 0, 0, 6, 6, 6, 0, 6, 0, 0, 0, 0]\n\nExample_3:\ninput: [0, 7, 7, 7, 7, 7, 0, 0, 0, 7, 7, 7, 7, 7, 7, 0, 0, 0, 7, 7, 7, 7, 0, 0, 7, 0]\noutput: [0, 6, 6, 6, 6, 6, 0, 0, 0, 8, 8, 8, 8, 8, 8, 0, 0, 0, 8, 8, 8, 8, 0, 0, 6, 0]\n\nTest case:\ninput: [0, 7, 7, 7, 7, 7, 0, 7, 7, 7, 7, 0, 0, 7, 7, 7, 0, 0, 7, 7, 7, 7, 7, 0, 0, 0]\n\n###########################################################\nSample Outputs:\noutput: [0, 6, 6, 6, 6, 6, 0, 8, 8, 8, 8, 0, 0, 8, 8, 8, 0, 0, 8, 8, 8, 8, 8, 0, 0, 0]"
        }
    ],
    "idx": 810,
    "task": "1d_recolor_oe_18",
    "category": "1d_recolor_oe",
    "ys": [
        "Node_1(Level: 1, Phase: abstraction, Thought: , Value: 0, Parent_ID: 0, Spread: False, Children_ID: [], is_root: False, is_leaf: True)"
    ],
    "result": {
        "success": 0,
        "tries": 1,
        "success_rate": 0.26140567200986436,
        "cat_success_cnt": 2,
        "cat_success_rate": 0.18181818181818182
    },
    "usage_so_far": {
        "completion_tokens": 66634,
        "prompt_tokens": 473409,
        "cost": 0.606677
    }
}