{
    "steps": [
        {
            "prompt_log": "Sample Prompt:\nExample_1:\ninput: [0, 3, 3, 3, 3, 3, 0, 0, 3, 3, 3, 3, 3, 0, 3, 3, 0, 0, 0, 3, 3, 3, 3, 3]\noutput: [0, 2, 2, 2, 2, 2, 0, 0, 2, 2, 2, 2, 2, 0, 3, 3, 0, 0, 0, 2, 2, 2, 2, 2]\n\nExample_2:\ninput: [0, 3, 3, 3, 0, 0, 0, 3, 3, 3, 3, 0, 0, 0, 3, 3, 0, 0, 3, 3, 0, 0, 0, 0]\noutput: [0, 3, 3, 3, 0, 0, 0, 2, 2, 2, 2, 0, 0, 0, 3, 3, 0, 0, 3, 3, 0, 0, 0, 0]\n\nExample_3:\ninput: [0, 0, 0, 3, 0, 0, 3, 3, 3, 3, 3, 0, 3, 3, 3, 3, 3, 3, 3, 0, 0, 0, 0, 0]\noutput: [0, 0, 0, 3, 0, 0, 3, 3, 3, 3, 3, 0, 2, 2, 2, 2, 2, 2, 2, 0, 0, 0, 0, 0]\n\nTest case:\ninput: [0, 3, 3, 0, 3, 3, 3, 3, 3, 3, 0, 3, 3, 3, 3, 0, 0, 3, 3, 3, 0, 0, 0, 0]\n\n###########################################################\nSample Outputs:\noutput: [0, 2, 2, 0, 2, 2, 2, 2, 2, 2, 0, 2, 2, 2, 2, 0, 0, 2, 2, 2, 0, 0, 0, 0]"
        }
    ],
    "idx": 745,
    "task": "1d_recolor_cmp_5",
    "category": "1d_recolor_cmp",
    "ys": [
        "Node_1(Level: 1, Phase: abstraction, Thought: , Value: 0, Parent_ID: 0, Spread: False, Children_ID: [], is_root: False, is_leaf: True)"
    ],
    "result": {
        "success": 0,
        "tries": 1,
        "success_rate": 0.2734584450402145,
        "cat_success_cnt": 10,
        "cat_success_rate": 0.21739130434782608
    },
    "usage_so_far": {
        "completion_tokens": 61686,
        "prompt_tokens": 438666,
        "cost": 0.562038
    }
}