{
    "steps": [
        {
            "prompt_log": "Sample Prompt:\nExample_1:\ninput: [0, 5, 5, 5, 0, 0, 5, 0, 0, 0, 5, 5, 0, 0, 0, 5, 5, 5, 5, 0, 0, 0, 5, 5, 0, 5, 5, 5, 5, 0, 5, 5]\noutput: [0, 5, 5, 5, 0, 0, 5, 0, 0, 0, 5, 5, 0, 0, 0, 3, 3, 3, 3, 0, 0, 0, 5, 5, 0, 3, 3, 3, 3, 0, 5, 5]\n\nExample_2:\ninput: [0, 0, 0, 5, 5, 5, 5, 5, 5, 0, 0, 5, 5, 5, 5, 5, 5, 5, 0, 0, 5, 5, 5, 5, 0, 0, 0, 5, 5, 5, 0, 0]\noutput: [0, 0, 0, 5, 5, 5, 5, 5, 5, 0, 0, 3, 3, 3, 3, 3, 3, 3, 0, 0, 5, 5, 5, 5, 0, 0, 0, 5, 5, 5, 0, 0]\n\nExample_3:\ninput: [0, 5, 5, 5, 0, 5, 5, 0, 0, 5, 5, 5, 5, 5, 0, 0, 5, 5, 5, 0, 5, 5, 5, 0, 0, 0, 5, 5, 5, 0, 0, 0]\noutput: [0, 5, 5, 5, 0, 5, 5, 0, 0, 3, 3, 3, 3, 3, 0, 0, 5, 5, 5, 0, 5, 5, 5, 0, 0, 0, 5, 5, 5, 0, 0, 0]\n\nTest case:\ninput: [0, 0, 0, 5, 5, 5, 5, 0, 0, 0, 5, 5, 5, 5, 5, 5, 5, 0, 0, 0, 5, 5, 5, 5, 5, 5, 5, 0, 0, 5, 5, 5]\n\n###########################################################\nSample Outputs:\noutput: [0, 0, 0, 5, 5, 5, 5, 0, 0, 0, 5, 5, 5, 5, 5, 5, 5, 0, 0, 0, 5, 5, 5, 5, 5, 5, 5, 0, 0, 3, 3, 3]"
        }
    ],
    "idx": 710,
    "task": "1d_recolor_cmp_18",
    "category": "1d_recolor_cmp",
    "ys": [
        "Node_1(Level: 1, Phase: abstraction, Thought: , Value: 0, Parent_ID: 0, Spread: False, Children_ID: [], is_root: False, is_leaf: True)"
    ],
    "result": {
        "success": 0,
        "tries": 1,
        "success_rate": 0.27848101265822783,
        "cat_success_cnt": 4,
        "cat_success_rate": 0.36363636363636365
    },
    "usage_so_far": {
        "completion_tokens": 58901,
        "prompt_tokens": 418401,
        "cost": 0.536203
    }
}