{
    "steps": [
        {
            "prompt_log": "Sample Prompt:\nExample_1:\ninput: [0, 0, 9, 9, 9, 9, 0, 0, 0, 9, 9, 0, 0, 9, 9, 9, 0, 0, 9, 9, 9, 0, 0, 9, 9, 9, 9, 9, 0, 0, 0]\noutput: [0, 0, 9, 9, 9, 9, 0, 0, 0, 9, 9, 0, 0, 9, 9, 9, 0, 0, 9, 9, 9, 0, 0, 3, 3, 3, 3, 3, 0, 0, 0]\n\nExample_2:\ninput: [0, 0, 9, 9, 9, 0, 9, 9, 9, 9, 9, 9, 9, 0, 0, 9, 9, 9, 9, 9, 9, 0, 0, 0, 9, 9, 9, 9, 9, 9, 0]\noutput: [0, 0, 9, 9, 9, 0, 3, 3, 3, 3, 3, 3, 3, 0, 0, 9, 9, 9, 9, 9, 9, 0, 0, 0, 9, 9, 9, 9, 9, 9, 0]\n\nExample_3:\ninput: [0, 0, 0, 9, 9, 9, 9, 0, 0, 9, 9, 9, 9, 0, 0, 9, 9, 9, 0, 0, 0, 9, 9, 9, 9, 0, 9, 0, 0, 0, 9]\noutput: [0, 0, 0, 3, 3, 3, 3, 0, 0, 3, 3, 3, 3, 0, 0, 9, 9, 9, 0, 0, 0, 3, 3, 3, 3, 0, 9, 0, 0, 0, 9]\n\nTest case:\ninput: [0, 9, 9, 9, 0, 9, 9, 9, 0, 9, 0, 9, 9, 0, 0, 9, 9, 0, 0, 0, 9, 9, 9, 9, 9, 9, 0, 0, 9, 9, 0]\n\n###########################################################\nSample Outputs:\noutput: [0, 3, 3, 3, 0, 3, 3, 3, 0, 3, 0, 3, 3, 0, 0, 9, 9, 0, 0, 0, 3, 3, 3, 3, 3, 3, 0, 0, 9, 9, 0]"
        }
    ],
    "idx": 722,
    "task": "1d_recolor_cmp_29",
    "category": "1d_recolor_cmp",
    "ys": [
        "Node_1(Level: 1, Phase: abstraction, Thought: , Value: 0, Parent_ID: 0, Spread: False, Children_ID: [], is_root: False, is_leaf: True)"
    ],
    "result": {
        "success": 0,
        "tries": 1,
        "success_rate": 0.2752420470262794,
        "cat_success_cnt": 5,
        "cat_success_rate": 0.21739130434782608
    },
    "usage_so_far": {
        "completion_tokens": 59867,
        "prompt_tokens": 425427,
        "cost": 0.545161
    }
}