{
    "steps": [
        {
            "prompt_log": "Sample Prompt:\nExample_1:\ninput: [0, 0, 9, 9, 9, 9, 9, 9, 0, 0, 0, 9, 9, 9, 0, 9, 9, 9, 0, 9, 9, 9, 9, 9, 0, 0, 0, 9, 0, 0, 0, 0]\noutput: [0, 0, 8, 8, 8, 8, 8, 8, 0, 0, 0, 2, 2, 2, 0, 2, 2, 2, 0, 2, 2, 2, 2, 2, 0, 0, 0, 2, 0, 0, 0, 0]\n\nExample_2:\ninput: [0, 0, 0, 9, 9, 9, 9, 0, 0, 9, 0, 9, 9, 9, 0, 0, 9, 9, 9, 0, 9, 9, 0, 0, 0, 0, 0, 0, 0, 0, 0, 0]\noutput: [0, 0, 0, 8, 8, 8, 8, 0, 0, 2, 0, 2, 2, 2, 0, 0, 2, 2, 2, 0, 8, 8, 0, 0, 0, 0, 0, 0, 0, 0, 0, 0]\n\nExample_3:\ninput: [0, 0, 0, 9, 9, 0, 9, 9, 9, 9, 9, 0, 9, 9, 9, 9, 9, 0, 9, 9, 0, 0, 0, 9, 9, 9, 9, 0, 0, 0, 0, 0]\noutput: [0, 0, 0, 8, 8, 0, 2, 2, 2, 2, 2, 0, 2, 2, 2, 2, 2, 0, 8, 8, 0, 0, 0, 8, 8, 8, 8, 0, 0, 0, 0, 0]\n\nTest case:\ninput: [0, 0, 0, 9, 9, 9, 0, 0, 9, 9, 9, 9, 9, 9, 0, 0, 0, 9, 9, 9, 9, 0, 9, 9, 9, 9, 9, 0, 0, 0, 9, 9]\n\n###########################################################\nSample Outputs:\noutput: [0, 0, 0, 2, 2, 2, 0, 0, 2, 2, 2, 2, 2, 2, 0, 0, 0, 2, 2, 2, 2, 0, 2, 2, 2, 2, 2, 0, 0, 0, 2, 2]"
        }
    ],
    "idx": 834,
    "task": "1d_recolor_oe_4",
    "category": "1d_recolor_oe",
    "ys": [
        "Node_1(Level: 1, Phase: abstraction, Thought: , Value: 0, Parent_ID: 0, Spread: False, Children_ID: [], is_root: False, is_leaf: True)"
    ],
    "result": {
        "success": 0,
        "tries": 1,
        "success_rate": 0.25868263473053893,
        "cat_success_cnt": 6,
        "cat_success_rate": 0.17142857142857143
    },
    "usage_so_far": {
        "completion_tokens": 68350,
        "prompt_tokens": 485949,
        "cost": 0.622649
    }
}