{
    "steps": [
        {
            "prompt_log": "Sample Prompt:\nExample_1:\ninput: [0, 4, 4, 4, 0, 4, 4, 0, 0, 4, 4, 0, 4, 4, 4, 4, 4, 4, 0, 4, 0, 0, 0, 0, 0, 0, 0, 0, 0, 0, 0, 0]\noutput: [0, 7, 7, 7, 0, 3, 3, 0, 0, 3, 3, 0, 3, 3, 3, 3, 3, 3, 0, 7, 0, 0, 0, 0, 0, 0, 0, 0, 0, 0, 0, 0]\n\nExample_2:\ninput: [0, 4, 4, 4, 4, 4, 0, 0, 4, 4, 4, 4, 4, 4, 0, 0, 0, 4, 4, 4, 4, 0, 0, 0, 4, 4, 4, 4, 4, 0, 0, 0]\noutput: [0, 7, 7, 7, 7, 7, 0, 0, 3, 3, 3, 3, 3, 3, 0, 0, 0, 3, 3, 3, 3, 0, 0, 0, 7, 7, 7, 7, 7, 0, 0, 0]\n\nExample_3:\ninput: [0, 0, 4, 4, 4, 4, 0, 4, 4, 4, 4, 4, 0, 4, 4, 4, 4, 0, 0, 4, 4, 4, 0, 0, 4, 4, 4, 4, 4, 0, 0, 0]\noutput: [0, 0, 3, 3, 3, 3, 0, 7, 7, 7, 7, 7, 0, 3, 3, 3, 3, 0, 0, 7, 7, 7, 0, 0, 7, 7, 7, 7, 7, 0, 0, 0]\n\nTest case:\ninput: [0, 4, 4, 4, 4, 0, 0, 0, 4, 0, 0, 4, 4, 4, 4, 4, 0, 0, 4, 0, 4, 4, 4, 0, 0, 0, 0, 0, 0, 0, 0, 0]\n\n###########################################################\nSample Outputs:\noutput: [0, 7, 7, 7, 7, 0, 0, 0, 3, 0, 0, 3, 3, 3, 3, 3, 0, 0, 3, 0, 3, 3, 3, 0, 0, 0, 0, 0, 0, 0, 0, 0]"
        }
    ],
    "idx": 836,
    "task": "1d_recolor_oe_41",
    "category": "1d_recolor_oe",
    "ys": [
        "Node_1(Level: 1, Phase: abstraction, Thought: , Value: 0, Parent_ID: 0, Spread: False, Children_ID: [], is_root: False, is_leaf: True)"
    ],
    "result": {
        "success": 0,
        "tries": 1,
        "success_rate": 0.25806451612903225,
        "cat_success_cnt": 6,
        "cat_success_rate": 0.16216216216216217
    },
    "usage_so_far": {
        "completion_tokens": 68516,
        "prompt_tokens": 487155,
        "cost": 0.624187
    }
}