{
    "steps": [
        {
            "prompt_log": "Sample Prompt:\nExample_1:\ninput: [0, 0, 8, 0, 0, 8, 8, 0, 0, 8, 8, 8, 0, 0, 8, 8, 0, 0, 0, 8, 8, 8, 0, 0, 0, 0, 0]\noutput: [0, 0, 7, 0, 0, 3, 3, 0, 0, 1, 1, 1, 0, 0, 3, 3, 0, 0, 0, 1, 1, 1, 0, 0, 0, 0, 0]\n\nExample_2:\ninput: [0, 0, 8, 8, 8, 0, 8, 0, 8, 8, 0, 0, 0, 8, 8, 0, 0, 8, 8, 8, 0, 0, 0, 0, 0, 0, 0]\noutput: [0, 0, 1, 1, 1, 0, 7, 0, 3, 3, 0, 0, 0, 3, 3, 0, 0, 1, 1, 1, 0, 0, 0, 0, 0, 0, 0]\n\nExample_3:\ninput: [0, 8, 8, 8, 0, 0, 8, 8, 0, 0, 8, 0, 8, 8, 0, 8, 8, 0, 0, 0, 0, 0, 0, 0, 0, 0, 0]\noutput: [0, 1, 1, 1, 0, 0, 3, 3, 0, 0, 7, 0, 3, 3, 0, 3, 3, 0, 0, 0, 0, 0, 0, 0, 0, 0, 0]\n\nTest case:\ninput: [0, 0, 0, 8, 0, 0, 8, 8, 8, 0, 0, 8, 8, 0, 0, 8, 8, 8, 0, 0, 0, 8, 8, 0, 0, 0, 0]\n\n###########################################################\nSample Outputs:\noutput: [0, 0, 0, 1, 0, 0, 3, 3, 3, 0, 0, 1, 1, 0, 0, 1, 1, 1, 0, 0, 0, 7, 7, 0, 0, 0, 0]"
        }
    ],
    "idx": 760,
    "task": "1d_recolor_cnt_18",
    "category": "1d_recolor_cnt",
    "ys": [
        "Node_1(Level: 1, Phase: abstraction, Thought: , Value: 0, Parent_ID: 0, Spread: False, Children_ID: [], is_root: False, is_leaf: True)"
    ],
    "result": {
        "success": 0,
        "tries": 1,
        "success_rate": 0.26938239159001315,
        "cat_success_cnt": 0,
        "cat_success_rate": 0.0
    },
    "usage_so_far": {
        "completion_tokens": 62925,
        "prompt_tokens": 447669,
        "cost": 0.573519
    }
}