{
    "steps": [
        {
            "prompt_log": "Sample Prompt:\nExample_1:\ninput: [0, 3, 3, 3, 3, 3, 3, 0, 3, 3, 3, 0, 0, 3, 3, 0, 0, 0, 3, 0, 0, 3, 3, 0, 0, 0, 0, 0, 0]\noutput: [0, 1, 1, 1, 1, 1, 1, 0, 5, 5, 5, 0, 0, 1, 1, 0, 0, 0, 5, 0, 0, 1, 1, 0, 0, 0, 0, 0, 0]\n\nExample_2:\ninput: [0, 3, 3, 3, 3, 3, 3, 0, 0, 3, 3, 3, 0, 3, 0, 3, 0, 0, 3, 3, 0, 0, 0, 0, 0, 0, 0, 0, 0]\noutput: [0, 1, 1, 1, 1, 1, 1, 0, 0, 5, 5, 5, 0, 5, 0, 5, 0, 0, 1, 1, 0, 0, 0, 0, 0, 0, 0, 0, 0]\n\nExample_3:\ninput: [0, 0, 0, 3, 3, 3, 3, 0, 3, 3, 3, 0, 0, 3, 0, 3, 3, 3, 3, 0, 0, 0, 3, 0, 0, 0, 0, 0, 0]\noutput: [0, 0, 0, 1, 1, 1, 1, 0, 5, 5, 5, 0, 0, 5, 0, 1, 1, 1, 1, 0, 0, 0, 5, 0, 0, 0, 0, 0, 0]\n\nTest case:\ninput: [0, 0, 0, 3, 3, 0, 0, 3, 3, 3, 3, 3, 0, 0, 3, 3, 3, 3, 3, 0, 0, 0, 3, 0, 0, 0, 0, 0, 0]\n\n###########################################################\nSample Outputs:\noutput: [0, 0, 0, 1, 1, 0, 0, 5, 5, 5, 5, 5, 0, 0, 5, 5, 5, 5, 5, 0, 0, 0, 5, 0, 0, 0, 0, 0, 0]"
        }
    ],
    "idx": 828,
    "task": "1d_recolor_oe_34",
    "category": "1d_recolor_oe",
    "ys": [
        "Node_1(Level: 1, Phase: abstraction, Thought: , Value: 0, Parent_ID: 0, Spread: False, Children_ID: [], is_root: False, is_leaf: True)"
    ],
    "result": {
        "success": 1,
        "tries": 1,
        "success_rate": 0.2605548854041013,
        "cat_success_cnt": 6,
        "cat_success_rate": 0.20689655172413793
    },
    "usage_so_far": {
        "completion_tokens": 67858,
        "prompt_tokens": 482373,
        "cost": 0.618089
    }
}