{
    "steps": [
        {
            "prompt_log": "Sample Prompt:\nExample_1:\ninput: [0, 5, 5, 5, 5, 0, 5, 0, 0, 5, 5, 5, 5, 0, 0, 5, 5, 5, 5, 0, 5, 5, 5, 5, 5, 0, 0, 5, 5, 5, 5, 0]\noutput: [0, 5, 5, 5, 5, 0, 5, 0, 0, 5, 5, 5, 5, 0, 0, 5, 5, 5, 5, 0, 9, 9, 9, 9, 9, 0, 0, 5, 5, 5, 5, 0]\n\nExample_2:\ninput: [0, 5, 5, 0, 5, 5, 5, 5, 5, 0, 0, 5, 5, 0, 0, 5, 5, 5, 5, 0, 0, 5, 5, 0, 5, 5, 5, 5, 5, 5, 5, 0]\noutput: [0, 5, 5, 0, 5, 5, 5, 5, 5, 0, 0, 5, 5, 0, 0, 5, 5, 5, 5, 0, 0, 5, 5, 0, 9, 9, 9, 9, 9, 9, 9, 0]\n\nExample_3:\ninput: [0, 5, 5, 5, 5, 0, 5, 0, 0, 5, 0, 5, 5, 5, 5, 0, 5, 5, 5, 5, 0, 0, 5, 5, 0, 0, 5, 5, 5, 5, 0, 0]\noutput: [0, 9, 9, 9, 9, 0, 5, 0, 0, 5, 0, 9, 9, 9, 9, 0, 9, 9, 9, 9, 0, 0, 5, 5, 0, 0, 9, 9, 9, 9, 0, 0]\n\nTest case:\ninput: [0, 0, 0, 5, 5, 5, 5, 5, 0, 5, 5, 5, 5, 5, 0, 5, 5, 5, 5, 5, 0, 0, 5, 5, 0, 5, 0, 5, 5, 5, 0, 0]\n\n###########################################################\nSample Outputs:\noutput: [0, 0, 0, 9, 9, 9, 9, 9, 0, 5, 5, 5, 5, 5, 0, 5, 5, 5, 5, 5, 0, 0, 9, 9, 0, 9, 0, 9, 9, 9, 0, 0]"
        }
    ],
    "idx": 734,
    "task": "1d_recolor_cmp_4",
    "category": "1d_recolor_cmp",
    "ys": [
        "Node_1(Level: 1, Phase: abstraction, Thought: , Value: 0, Parent_ID: 0, Spread: False, Children_ID: [], is_root: False, is_leaf: True)"
    ],
    "result": {
        "success": 0,
        "tries": 1,
        "success_rate": 0.27346938775510204,
        "cat_success_cnt": 7,
        "cat_success_rate": 0.2
    },
    "usage_so_far": {
        "completion_tokens": 60830,
        "prompt_tokens": 432432,
        "cost": 0.554092
    }
}