{
    "steps": [
        {
            "prompt_log": "Sample Prompt:\nExample_1:\ninput: [1, 1, 1, 1, 1, 1, 1, 1, 1, 1, 1, 1, 1, 1, 1, 1, 1, 0, 0, 0, 0, 7]\noutput: [1, 1, 1, 1, 1, 1, 1, 1, 1, 1, 1, 1, 1, 1, 1, 1, 1, 1, 1, 1, 1, 7]\n\nExample_2:\ninput: [3, 3, 3, 3, 3, 3, 3, 3, 3, 3, 3, 3, 3, 3, 3, 3, 0, 0, 0, 0, 7, 0]\noutput: [3, 3, 3, 3, 3, 3, 3, 3, 3, 3, 3, 3, 3, 3, 3, 3, 3, 3, 3, 3, 7, 0]\n\nExample_3:\ninput: [0, 8, 8, 8, 8, 8, 8, 8, 8, 8, 8, 8, 8, 0, 0, 0, 0, 0, 7, 0, 0, 0]\noutput: [0, 8, 8, 8, 8, 8, 8, 8, 8, 8, 8, 8, 8, 8, 8, 8, 8, 8, 7, 0, 0, 0]\n\nTest case:\ninput: [0, 2, 2, 2, 2, 2, 2, 2, 2, 2, 2, 2, 2, 2, 2, 2, 2, 0, 0, 0, 0, 7]\n\n###########################################################\nSample Outputs:\noutput: [0, 2, 2, 2, 2, 2, 2, 2, 2, 2, 2, 2, 2, 2, 2, 2, 2, 2, 2, 2, 2, 7]"
        }
    ],
    "idx": 885,
    "task": "1d_scale_dp_40",
    "category": "1d_scale_dp",
    "ys": [
        "Node_1(Level: 1, Phase: abstraction, Thought: , Value: 0, Parent_ID: 0, Spread: False, Children_ID: [], is_root: False, is_leaf: True)"
    ],
    "result": {
        "success": 1,
        "tries": 1,
        "success_rate": 0.2697516930022573,
        "cat_success_cnt": 17,
        "cat_success_rate": 0.4722222222222222
    },
    "usage_so_far": {
        "completion_tokens": 71698,
        "prompt_tokens": 510465,
        "cost": 0.6538609999999999
    }
}