{
    "steps": [
        {
            "prompt_log": "Sample Prompt:\n#####\nuser:\n#####\n\nExample_1:\ninput: [[0, 0, 0, 0, 1, 0], [0, 0, 0, 0, 0, 0], [0, 6, 6, 6, 0, 0], [5, 0, 0, 0, 5, 5], [0, 0, 0, 0, 0, 0], [3, 0, 0, 0, 0, 0]]\noutput: [[1, 0, 0, 0, 0, 0], [0, 0, 0, 0, 0, 0], [6, 6, 6, 0, 0, 0], [5, 5, 5, 0, 0, 0], [0, 0, 0, 0, 0, 0], [3, 0, 0, 0, 0, 0]]\n\nExample_2:\ninput: [[0, 0, 0, 0, 0, 0], [5, 0, 0, 5, 0, 0], [9, 0, 0, 0, 9, 0], [0, 8, 8, 8, 0, 0], [0, 7, 0, 0, 0, 7], [0, 4, 0, 4, 0, 0]]\noutput: [[0, 0, 0, 0, 0, 0], [5, 5, 0, 0, 0, 0], [9, 9, 0, 0, 0, 0], [8, 8, 8, 0, 0, 0], [7, 7, 0, 0, 0, 0], [4, 4, 0, 0, 0, 0]]\n\nExample_3:\ninput: [[0, 0, 0, 0, 0, 0], [1, 1, 0, 0, 1, 0], [0, 0, 0, 0, 0, 0], [9, 9, 0, 9, 0, 0], [0, 0, 0, 0, 0, 0], [6, 0, 0, 0, 0, 0]]\noutput: [[0, 0, 0, 0, 0, 0], [1, 1, 1, 0, 0, 0], [0, 0, 0, 0, 0, 0], [9, 9, 9, 0, 0, 0], [0, 0, 0, 0, 0, 0], [6, 0, 0, 0, 0, 0]]\n\nTest case:\ninput: [[0, 0, 5, 0, 5], [0, 0, 2, 2, 2], [0, 7, 7, 0, 0], [0, 3, 3, 0, 0], [4, 0, 0, 0, 4]]\n\n\nGive no explanation. \n###########################################################\nSample Outputs:\noutput: [[5, 5, 0, 0, 0], [2, 2, 2, 0, 0], [7, 7, 0, 0, 0], [3, 3, 0, 0, 0], [4, 4, 0, 0, 0]]"
        }
    ],
    "idx": 222,
    "task": "arc_pile_h_29",
    "category": "pile_h",
    "ys": [
        "Node_1(Level: 1, Phase: abstraction, Thought: , Value: 0, Parent_ID: 0, Spread: False, Children_ID: [], is_root: False, is_leaf: True)"
    ],
    "result": {
        "solution": "[[5, 5, 0, 0, 0], [2, 2, 2, 0, 0], [7, 7, 0, 0, 0], [3, 3, 0, 0, 0], [4, 4, 0, 0, 0]]\n",
        "success": 1,
        "tries": 1,
        "success_rate": 0.13901345291479822,
        "cat_success_cnt": 20,
        "cat_success_rate": 0.8695652173913043
    },
    "usage_so_far": {
        "completion_tokens": 68772,
        "prompt_tokens": 497187,
        "cost": 0.634731
    }
}