{
    "steps": [
        {
            "prompt_log": "Sample Prompt:\n#####\nuser:\n#####\n\nExample_1:\ninput: [[5, 0, 0, 5, 0, 0], [0, 9, 0, 9, 0, 9], [0, 0, 0, 0, 0, 0], [7, 7, 0, 0, 0, 0], [4, 0, 0, 0, 4, 4], [0, 1, 0, 1, 1, 0]]\noutput: [[5, 5, 0, 0, 0, 0], [9, 9, 9, 0, 0, 0], [0, 0, 0, 0, 0, 0], [7, 7, 0, 0, 0, 0], [4, 4, 4, 0, 0, 0], [1, 1, 1, 0, 0, 0]]\n\nExample_2:\ninput: [[0, 4, 0, 0, 0, 4], [0, 5, 0, 0, 5, 0], [0, 0, 0, 6, 6, 0], [0, 0, 0, 0, 7, 0], [0, 0, 0, 2, 0, 0], [0, 1, 1, 1, 0, 0]]\noutput: [[4, 4, 0, 0, 0, 0], [5, 5, 0, 0, 0, 0], [6, 6, 0, 0, 0, 0], [7, 0, 0, 0, 0, 0], [2, 0, 0, 0, 0, 0], [1, 1, 1, 0, 0, 0]]\n\nExample_3:\ninput: [[6, 6, 0, 0, 0, 6], [0, 0, 0, 8, 0, 0], [0, 0, 0, 0, 0, 0], [0, 0, 0, 0, 0, 0], [0, 0, 0, 0, 0, 1], [7, 0, 0, 0, 0, 0]]\noutput: [[6, 6, 6, 0, 0, 0], [8, 0, 0, 0, 0, 0], [0, 0, 0, 0, 0, 0], [0, 0, 0, 0, 0, 0], [1, 0, 0, 0, 0, 0], [7, 0, 0, 0, 0, 0]]\n\nTest case:\ninput: [[0, 0, 6, 0, 0, 6], [0, 7, 0, 0, 7, 0], [0, 0, 0, 0, 0, 5], [0, 0, 0, 0, 4, 0], [8, 0, 0, 8, 0, 8], [0, 0, 3, 0, 3, 0]]\n\n\nGive no explanation. \n###########################################################\nSample Outputs:\noutput: [[6, 6, 0, 0, 0, 0], [7, 7, 0, 0, 0, 0], [5, 0, 0, 0, 0, 0], [4, 0, 0, 0, 0, 0], [8, 8, 8, 0, 0, 0], [3, 3, 0, 0, 0, 0]]"
        }
    ],
    "idx": 231,
    "task": "arc_pile_h_37",
    "category": "pile_h",
    "ys": [
        "Node_1(Level: 1, Phase: abstraction, Thought: , Value: 0, Parent_ID: 0, Spread: False, Children_ID: [], is_root: False, is_leaf: True)"
    ],
    "result": {
        "solution": "[[6, 6, 0, 0, 0, 0], [7, 7, 0, 0, 0, 0], [5, 0, 0, 0, 0, 0], [4, 0, 0, 0, 0, 0], [8, 8, 8, 0, 0, 0], [3, 3, 0, 0, 0, 0]]\n",
        "success": 1,
        "tries": 1,
        "success_rate": 0.16379310344827586,
        "cat_success_cnt": 27,
        "cat_success_rate": 0.84375
    },
    "usage_so_far": {
        "completion_tokens": 69423,
        "prompt_tokens": 502638,
        "cost": 0.641484
    }
}